Time,linear.x,linear.y,linear.z,angular.x,angular.y,angular.z
0.14100000000000001,0.019999999552965164,0.0,0.0,0.0,0.0,0.0
0.14100000000000001,0.029999999329447746,0.0,0.0,0.0,0.0,0.0
0.161,0.03999999910593033,0.0,0.0,0.0,0.0,0.0
0.18100000000000002,0.04999999701976776,0.0,0.0,0.0,0.0,0.0
0.202,0.059999994933605194,0.0,0.0,0.0,0.0,0.0
0.221,0.06999999284744263,0.0,0.0,0.0,0.0,0.0
0.24100000000000002,0.07999999076128006,0.0,0.0,0.0,0.0,0.0
0.261,0.08999998867511749,0.0,0.0,0.0,0.0,0.0
0.28200000000000003,0.09999998658895493,0.0,0.0,0.0,0.0,0.0
0.30100000000000005,0.10999998450279236,0.0,0.0,0.0,0.0,0.0
0.321,0.11999998241662979,0.0,0.0,0.0,0.0,0.0
0.342,0.12999998033046722,0.0,0.0,0.0,0.0,0.0
0.36100000000000004,0.13999998569488525,0.0,0.0,0.0,0.0,0.0
0.381,0.14999999105930328,0.0,0.0,0.0,0.0,0.0
0.4,0.1599999964237213,0.0,0.0,0.0,0.0,0.0
0.42200000000000004,0.17000000178813934,0.0,0.0,0.0,0.0,0.0
0.441,0.18000000715255737,0.0,0.0,0.0,0.0,0.0
0.461,0.1900000125169754,0.0,0.0,0.0,0.0,0.0
0.48200000000000004,0.20000001788139343,0.0,0.0,0.0,0.0,0.0
0.501,0.21000002324581146,0.0,0.0,0.0,0.0,0.0
0.521,0.2200000286102295,0.0,0.0,0.0,0.0,0.0
0.542,0.23000003397464752,0.0,0.0,0.0,0.0,0.0
0.561,0.24000003933906555,0.0,0.0,0.0,0.0,0.0
0.5810000000000001,0.2500000298023224,0.0,0.0,0.0,0.0,0.0
0.6030000000000001,0.2600000202655792,0.0,0.0,0.0,0.0,0.0
0.623,0.27000001072883606,0.0,0.0,0.0,0.0,0.0
0.641,0.2800000011920929,0.0,0.0,0.0,0.0,0.0
0.661,0.28999999165534973,0.0,0.0,0.0,0.0,0.0
0.681,0.29999998211860657,0.0,0.0,0.0,0.0,0.0
0.7010000000000001,0.3099999725818634,0.0,0.0,0.0,0.0,0.0
0.7240000000000001,0.31999996304512024,0.0,0.0,0.0,0.0,0.0
0.742,0.3299999535083771,0.0,0.0,0.0,0.0,0.0
0.763,0.3399999439716339,0.0,0.0,0.0,0.0,0.0
0.781,0.34999993443489075,0.0,0.0,0.0,0.0,0.0
0.801,0.3599999248981476,0.0,0.0,0.0,0.0,0.0
0.8210000000000001,0.3699999153614044,0.0,0.0,0.0,0.0,0.0
0.8410000000000001,0.37999990582466125,0.0,0.0,0.0,0.0,0.0
0.8620000000000001,0.3899998962879181,0.0,0.0,0.0,0.0,0.0
0.881,0.3999998867511749,0.0,0.0,0.0,0.0,0.0
0.901,0.40999987721443176,0.0,0.0,0.0,0.0,0.0
0.921,0.4199998676776886,0.0,0.0,0.0,0.0,0.0
0.9420000000000001,0.42999985814094543,0.0,0.0,0.0,0.0,0.0
0.9620000000000001,0.43999984860420227,0.0,0.0,0.0,0.0,0.0
0.9810000000000001,0.4499998390674591,0.0,0.0,0.0,0.0,0.0
1.001,0.45999982953071594,0.0,0.0,0.0,0.0,0.0
1.021,0.4699998199939728,0.0,0.0,0.0,0.0,0.0
1.041,0.4799998104572296,0.0,0.0,0.0,0.0,0.0
1.061,0.48999980092048645,0.0,0.0,0.0,0.0,0.0
1.081,0.4999997913837433,0.0,0.0,0.0,0.0,0.0
1.102,0.5099998116493225,0.0,0.0,0.0,0.0,0.0
1.122,0.5199998021125793,0.0,0.0,0.0,0.0,0.0
1.139,0.5299997925758362,0.0,0.0,0.0,0.0,0.0
1.161,0.539999783039093,0.0,0.0,0.0,0.0,0.0
1.181,0.5499997735023499,0.0,0.0,0.0,0.0,0.0
1.201,0.5599997639656067,0.0,0.0,0.0,0.0,0.0
1.221,0.5699997544288635,0.0,0.0,0.0,0.0,0.0
1.241,0.5799997448921204,0.0,0.0,0.0,0.0,0.0
1.2610000000000001,0.5899997353553772,0.0,0.0,0.0,0.0,0.0
1.2810000000000001,0.599999725818634,0.0,0.0,0.0,0.0,0.0
1.3010000000000002,0.6099997162818909,0.0,0.0,0.0,0.0,0.0
1.322,0.6199997067451477,0.0,0.0,0.0,0.0,0.0
1.342,0.6299996972084045,0.0,0.0,0.0,0.0,0.0
1.363,0.6399996876716614,0.0,0.0,0.0,0.0,0.0
1.3820000000000001,0.6499996781349182,0.0,0.0,0.0,0.0,0.0
1.401,0.659999668598175,0.0,0.0,0.0,0.0,0.0
1.421,0.6699996590614319,0.0,0.0,0.0,0.0,0.0
1.441,0.6799996495246887,0.0,0.0,0.0,0.0,0.0
1.462,0.6899996399879456,0.0,0.0,0.0,0.0,0.0
1.481,0.6999996304512024,0.0,0.0,0.0,0.0,0.0
1.502,0.7099996209144592,0.0,0.0,0.0,0.0,0.0
1.521,0.7199996113777161,0.0,0.0,0.0,0.0,0.0
1.541,0.7299996018409729,0.0,0.0,0.0,0.0,0.0
1.561,0.7399995923042297,0.0,0.0,0.0,0.0,0.0
1.581,0.7499995827674866,0.0,0.0,0.0,0.0,0.0
1.601,0.7599995732307434,0.0,0.0,0.0,0.0,0.0
1.623,0.7699995636940002,0.0,0.0,0.0,0.0,0.0
1.641,0.7799995541572571,0.0,0.0,0.0,0.0,0.0
1.663,0.7899995446205139,0.0,0.0,0.0,0.0,0.0
1.681,0.7999995350837708,0.0,0.0,0.0,0.0,0.0
1.701,0.8099995255470276,0.0,0.0,0.0,0.0,0.0
1.721,0.8199995160102844,0.0,0.0,0.0,0.0,0.0
1.741,0.8299995064735413,0.0,0.0,0.0,0.0,0.0
1.7610000000000001,0.8399994969367981,0.0,0.0,0.0,0.0,0.0
1.7810000000000001,0.8499994874000549,0.0,0.0,0.0,0.0,0.0
1.8010000000000002,0.8599994778633118,0.0,0.0,0.0,0.0,0.0
1.822,0.8699994683265686,0.0,0.0,0.0,0.0,0.0
1.8410000000000002,0.8799994587898254,0.0,0.0,0.0,0.0,0.0
1.8610000000000002,0.8899994492530823,0.0,0.0,0.0,0.0,0.0
1.8820000000000001,0.8999994397163391,0.0,0.0,0.0,0.0,0.0
1.901,0.909999430179596,0.0,0.0,0.0,0.0,0.0
1.921,0.9199994206428528,0.0,0.0,0.0,0.0,0.0
1.943,0.9299994111061096,0.0,0.0,0.0,0.0,0.0
1.961,0.9399994015693665,0.0,0.0,0.0,0.0,0.0
1.981,0.9499993920326233,0.0,0.0,0.0,0.0,0.0
2.001,0.9599993824958801,0.0,0.0,0.0,0.0,0.0
2.021,0.969999372959137,0.0,0.0,0.0,0.0,0.0
2.041,0.9799993634223938,0.0,0.0,0.0,0.0,0.0
2.062,0.9899993538856506,0.0,0.0,0.0,0.0,0.0
2.082,0.9999993443489075,0.0,0.0,0.0,0.0,0.0
2.101,1.0,0.0,0.0,0.0,0.0,0.0
2.121,1.0,0.0,0.0,0.0,0.0,0.0
2.141,1.0,0.0,0.0,0.0,0.0,0.0
2.161,1.0,0.0,0.0,0.0,0.0,0.0
2.181,1.0,0.0,0.0,0.0,0.0,0.0
2.203,1.0,0.0,0.0,0.0,0.0,0.0
2.222,1.0,0.0,0.0,0.0,0.0,0.0
2.241,1.0,0.0,0.0,0.0,0.0,0.0
2.261,1.0,0.0,0.0,0.0,0.0,0.0
2.283,1.0,0.0,0.0,0.0,0.0,0.0
2.302,1.0,0.0,0.0,0.0,0.0,0.0
2.323,1.0,0.0,0.0,0.0,0.0,0.0
2.341,1.0,0.0,0.0,0.0,0.0,0.0
2.361,1.0,0.0,0.0,0.0,0.0,0.0
2.382,1.0,0.0,0.0,0.0,0.0,0.0
2.401,1.0,0.0,0.0,0.0,0.0,0.0
2.4210000000000003,1.0,0.0,0.0,0.0,0.0,0.0
2.443,1.0,0.0,0.0,0.0,0.0,0.0
2.461,1.0,0.0,0.0,0.0,0.0,0.0
2.482,1.0,0.0,0.0,0.0,0.0,0.0
2.501,1.0,0.0,0.0,0.0,0.0,0.0
2.521,1.0,0.0,0.0,0.0,0.0,0.0
2.541,1.0,0.0,0.0,0.0,0.0,0.0
2.561,1.0,0.0,0.0,0.0,0.0,0.0
2.581,1.0,0.0,0.0,0.0,0.0,0.0
2.5940000000000003,1.0,0.0,0.0,0.0,0.0,0.0
2.621,1.0,0.0,0.0,0.0,0.0,0.0
2.641,1.0,0.0,0.0,0.0,0.0,0.0
2.662,1.0,0.0,0.0,0.0,0.0,0.0
2.681,1.0,0.0,0.0,0.0,0.0,0.0
2.701,1.0,0.0,0.0,0.0,0.0,0.0
2.722,1.0,0.0,0.0,0.0,0.0,0.0
2.742,1.0,0.0,0.0,0.0,0.0,0.0
2.761,1.0,0.0,0.0,0.0,0.0,0.0
2.781,1.0,0.0,0.0,0.0,0.0,0.0
2.801,1.0,0.0,0.0,0.0,0.0,0.0
2.822,1.0,0.0,0.0,0.0,0.0,0.0
2.841,1.0,0.0,0.0,0.0,0.0,0.0
2.862,1.0,0.0,0.0,0.0,0.0,0.0
2.8810000000000002,1.0,0.0,0.0,0.0,0.0,0.0
2.902,1.0,0.0,0.0,0.0,0.0,0.0
2.9210000000000003,1.0,0.0,0.0,0.0,0.0,0.0
2.939,1.0,0.0,0.0,0.0,0.0,0.0
2.963,1.0,0.0,0.0,0.0,0.0,0.0
2.981,1.0,0.0,0.0,0.0,0.0,0.0
3.001,1.0,0.0,0.0,0.0,0.0,0.0
3.021,1.0,0.0,0.0,0.0,0.0,0.0
3.041,1.0,0.0,0.0,0.0,0.0,0.0
3.062,1.0,0.0,0.0,0.0,0.0,0.0
3.081,1.0,0.0,0.0,0.0,0.0,0.0
3.101,1.0,0.0,0.0,0.0,0.0,0.0
3.121,1.0,0.0,0.0,0.0,0.0,0.0
3.141,1.0,0.0,0.0,0.0,0.0,0.0
3.161,1.0,0.0,0.0,0.0,0.0,0.0
3.181,1.0,0.0,0.0,0.0,0.0,0.0
3.203,1.0,0.0,0.0,0.0,0.0,0.0
3.221,1.0,0.0,0.0,0.0,0.0,0.0
3.241,1.0,0.0,0.0,0.0,0.0,0.0
3.261,1.0,0.0,0.0,0.0,0.0,0.0
3.281,1.0,0.0,0.0,0.0,0.0,0.0
3.301,1.0,0.0,0.0,0.0,0.0,0.0
3.323,1.0,0.0,0.0,0.0,0.0,0.0
3.343,1.0,0.0,0.0,0.0,0.0,0.0
3.361,1.0,0.0,0.0,0.0,0.0,0.0
3.3810000000000002,1.0,0.0,0.0,0.0,0.0,0.0
3.401,1.0,0.0,0.0,0.0,0.0,0.0
3.4210000000000003,1.0,0.0,0.0,0.0,0.0,0.0
3.441,1.0,0.0,0.0,0.0,0.0,0.0
3.461,1.0,0.0,0.0,0.0,0.0,0.0
3.482,1.0,0.0,0.0,0.0,0.0,0.0
3.501,1.0,0.0,0.0,0.0,0.0,0.0
3.5220000000000002,1.0,0.0,0.0,0.0,0.0,0.0
3.542,1.0,0.0,0.0,0.0,0.0,0.0
3.5620000000000003,1.0,0.0,0.0,0.0,0.0,0.0
3.583,1.0,0.0,0.0,0.0,0.0,0.0
3.601,1.0,0.0,0.0,0.0,0.0,0.0
3.621,1.0,0.0,0.0,0.0,0.0,0.0
3.641,1.0,0.0,0.0,0.0,0.0,0.0
3.661,1.0,0.0,0.0,0.0,0.0,0.0
3.683,1.0,0.0,0.0,0.0,0.0,0.0
3.701,1.0,0.0,0.0,0.0,0.0,0.0
3.722,1.0,0.0,0.0,0.0,0.0,0.0
3.742,1.0,0.0,0.0,0.0,0.0,0.0
3.761,1.0,0.0,0.0,0.0,0.0,0.0
3.783,1.0,0.0,0.0,0.0,0.0,0.0
3.801,1.0,0.0,0.0,0.0,0.0,0.0
3.822,1.0,0.0,0.0,0.0,0.0,0.0
3.841,1.0,0.0,0.0,0.0,0.0,0.0
3.861,1.0,0.0,0.0,0.0,0.0,0.0
3.8810000000000002,1.0,0.0,0.0,0.0,0.0,0.0
3.902,1.0,0.0,0.0,0.0,0.0,0.0
3.9210000000000003,1.0,0.0,0.0,0.0,0.0,0.0
3.943,1.0,0.0,0.0,0.0,0.0,0.0
3.962,1.0,0.0,0.0,0.0,0.0,0.0
3.982,1.0,0.0,0.0,0.0,0.0,0.0
4.001,1.0,0.0,0.0,0.0,0.0,0.0
4.021,1.0,0.0,0.0,0.0,0.0,0.0
4.042,1.0,0.0,0.0,0.0,0.0,0.0
4.061,1.0,0.0,0.0,0.0,0.0,0.0
4.081,1.0,0.0,0.0,0.0,0.0,0.0
4.102,1.0,0.0,0.0,0.0,0.0,0.0
4.122,1.0,0.0,0.0,0.0,0.0,0.0
4.141,1.0,0.0,0.0,0.0,0.0,0.0
4.162,1.0,0.0,0.0,0.0,0.0,0.0
4.181,1.0,0.0,0.0,0.0,0.0,0.0
4.201,1.0,0.0,0.0,0.0,0.0,0.0
4.221,1.0,0.0,0.0,0.0,0.0,0.0
4.242,1.0,0.0,0.0,0.0,0.0,0.0
4.261,1.0,0.0,0.0,0.0,0.0,0.0
4.281,1.0,0.0,0.0,0.0,0.0,0.0
4.301,1.0,0.0,0.0,0.0,0.0,0.0
4.321,1.0,0.0,0.0,0.0,0.0,0.0
4.341,1.0,0.0,0.0,0.0,0.0,0.0
4.362,1.0,0.0,0.0,0.0,0.0,0.0
4.381,1.0,0.0,0.0,0.0,0.0,0.0
4.401,1.0,0.0,0.0,0.0,0.0,0.0
4.421,1.0,0.0,0.0,0.0,0.0,0.0
4.441,1.0,0.0,0.0,0.0,0.0,0.0
4.463,1.0,0.0,0.0,0.0,0.0,0.0
4.482,1.0,0.0,0.0,0.0,0.0,0.0
4.501,1.0,0.0,0.0,0.0,0.0,0.0
4.521,1.0,0.0,0.0,0.0,0.0,0.0
4.541,1.0,0.0,0.0,0.0,0.0,0.0
4.562,1.0,0.0,0.0,0.0,0.0,0.0
4.581,1.0,0.0,0.0,0.0,0.0,0.0
4.602,1.0,0.0,0.0,0.0,0.0,0.0
4.622,1.0,0.0,0.0,0.0,0.0,0.0
4.641,1.0,0.0,0.0,0.0,0.0,0.0
4.66,1.0,0.0,0.0,0.0,0.0,0.0
4.681,1.0,0.0,0.0,0.0,0.0,0.0
4.7010000000000005,1.0,0.0,0.0,0.0,0.0,0.0
4.72,1.0,0.0,0.0,0.0,0.0,0.0
4.739,1.0,0.0,0.0,0.0,0.0,0.0
4.761,1.0,0.0,0.0,0.0,0.0,0.0
4.781,1.0,0.0,0.0,0.0,0.0,0.0
4.802,1.0,0.0,0.0,0.0,0.0,0.0
4.825,1.0,0.0,0.0,0.0,0.0,0.0
4.841,1.0,0.0,0.0,0.0,0.0,0.0
4.861,1.0,0.0,0.0,0.0,0.0,0.0
4.881,1.0,0.0,0.0,0.0,0.0,0.0
4.904,1.0,0.0,0.0,0.0,0.0,0.0
4.923,1.0,0.0,0.0,0.0,0.0,0.0
4.941,1.0,0.0,0.0,0.0,0.0,0.0
4.962,1.0,0.0,0.0,0.0,0.0,0.0
4.981,1.0,0.0,0.0,0.0,0.0,0.0
5.001,1.0,0.0,0.0,0.0,0.0,0.0
5.021,1.0,0.0,0.0,0.0,0.0,0.0
5.041,1.0,0.0,0.0,0.0,0.0,0.0
5.061,1.0,0.0,0.0,0.0,0.0,0.0
5.081,1.0,0.0,0.0,0.0,0.0,0.0
5.101,1.0,0.0,0.0,0.0,0.0,0.0
5.122,1.0,0.0,0.0,0.0,0.0,0.0
5.141,1.0,0.0,0.0,0.0,0.0,0.0
5.163,0.9899893403053284,0.0,0.0,0.0,0.0,0.0
5.181,0.9799793362617493,0.0,0.0,0.0,0.0,0.0
5.201,0.9699693322181702,0.0,0.0,0.0,0.0,0.0
5.222,0.9599593281745911,0.0,0.0,0.0,0.0,0.0
5.241,0.949949324131012,0.0,0.0,0.0,0.0,0.0
5.261,0.9399393200874329,0.0,0.0,0.0,0.0,0.0
5.287,0.9299293160438538,0.0,0.0,0.0,0.0,0.0
5.301,0.9199193120002747,0.0,0.0,0.0,0.0,0.0
5.323,0.9099093079566956,0.0,0.0,0.0,0.0,0.0
5.341,0.8998993039131165,0.0,0.0,0.0,0.0,0.0
5.362,0.8898892998695374,0.0,0.0,0.0,0.0,0.0
5.379,0.8798792958259583,0.0,0.0,0.0,0.0,0.0
5.401,0.8698692917823792,0.0,0.0,0.0,0.0,0.0
5.421,0.8598592877388,0.0,0.0,0.0,0.0,0.0
5.442,0.849849283695221,0.0,0.0,0.0,0.0,0.0
5.461,0.8398392796516418,0.0,0.0,0.0,0.0,0.0
5.481,0.8298292756080627,0.0,0.0,0.0,0.0,0.0
5.502,0.8198192715644836,0.0,0.0,0.0,0.0,0.0
5.522,0.8098092675209045,0.0,0.0,0.0,0.0,0.0
5.541,0.7997992634773254,0.0,0.0,0.0,0.0,0.0
5.561,0.7897892594337463,0.0,0.0,0.0,0.0,0.0
5.582,0.7797792553901672,0.0,0.0,0.0,0.0,0.0
5.6,0.7697692513465881,0.0,0.0,0.0,0.0,0.0
5.621,0.759759247303009,0.0,0.0,0.0,0.0,0.0
5.64,0.7497492432594299,0.0,0.0,0.0,0.0,0.0
5.661,0.7397392392158508,0.0,0.0,0.0,0.0,0.0
5.681,0.7297292351722717,0.0,0.0,0.0,0.0,0.0
5.7010000000000005,0.7197192311286926,0.0,0.0,0.0,0.0,0.0
5.723,0.7097092270851135,0.0,0.0,0.0,0.0,0.0
5.741,0.6996992230415344,0.0,0.0,0.0,0.0,0.0
5.761,0.6896892189979553,0.0,0.0,0.0,0.0,0.0
5.781,0.6796792149543762,0.0,0.0,0.0,0.0,0.0
5.801,0.6696692109107971,0.0,0.0,0.0,0.0,0.0
5.822,0.659659206867218,0.0,0.0,0.0,0.0,0.0
5.841,0.6496492028236389,0.0,0.0,0.0,0.0,0.0
5.861,0.6396391987800598,0.0,0.0,0.0,0.0,0.0
5.881,0.6296291947364807,0.0,0.0,0.0,0.0,0.0
5.901,0.6196191906929016,0.0,0.0,0.0,0.0,0.0
5.921,0.6096091866493225,0.0,0.0,0.0,0.0,0.0
5.941,0.5995991826057434,0.0,0.0,0.0,0.0,0.0
5.961,0.5895891785621643,0.0,0.0,0.0,0.0,0.0
5.9830000000000005,0.5795791745185852,0.0,0.0,0.0,0.0,0.0
6.003,0.5695691704750061,0.0,0.0,0.0,0.0,0.0
6.021,0.559559166431427,0.0,0.0,0.0,0.0,0.0
6.042,0.5495491623878479,0.0,0.0,0.0,0.0,0.0
6.061,0.5395391583442688,0.0,0.0,0.0,0.0,0.0
6.081,0.5295291543006897,0.0,0.0,0.0,0.0,0.0
6.102,0.5195191502571106,0.0,0.0,0.0,0.0,0.0
6.121,0.5095091462135315,0.0,0.0,0.0,0.0,0.0
6.141,0.4994991421699524,0.0,0.0,0.0,0.0,0.0
6.163,0.4894891381263733,0.0,0.0,0.0,0.0,0.0
6.181,0.4794791340827942,0.0,0.0,0.0,0.0,0.0
6.201,0.4694691300392151,0.0,0.0,0.0,0.0,0.0
6.221,0.459459125995636,0.0,0.0,0.0,0.0,0.0
6.244,0.4494491219520569,0.0,0.0,0.0,0.0,0.0
6.261,0.4394391179084778,0.0,0.0,0.0,0.0,0.0
6.282,0.4294291138648987,0.0,0.0,0.0,0.0,0.0
6.301,0.4194191098213196,0.0,0.0,0.0,0.0,0.0
6.321,0.4094091057777405,0.0,0.0,0.0,0.0,0.0
6.341,0.3993991017341614,0.0,0.0,0.0,0.0,0.0
6.361,0.3893890976905823,0.0,0.0,0.0,0.0,0.0
6.381,0.3793790936470032,0.0,0.0,0.0,0.0,0.0
6.401,0.3693690896034241,0.0,0.0,0.0,0.0,0.0
6.423,0.35935908555984497,0.0,0.0,0.0,0.0,0.0
6.442,0.34934908151626587,0.0,0.0,0.0,0.0,0.0
6.462,0.33933907747268677,0.0,0.0,0.0,0.0,0.0
6.482,0.32932907342910767,0.0,0.0,0.0,0.0,0.0
6.501,0.31931906938552856,0.0,0.0,0.0,0.0,0.0
6.523,0.30930906534194946,0.0,0.0,0.0,0.0,0.0
6.541,0.29929906129837036,0.0,0.0,0.0,0.0,0.0
6.561,0.28928905725479126,0.0,0.0,0.0,0.0,0.0
6.581,0.27927905321121216,0.0,0.0,0.0,0.0,0.0
6.603,0.26926904916763306,0.0,0.0,0.0,0.0,0.0
6.621,0.25925904512405396,0.0,0.0,0.0,0.0,0.0
6.641,0.24924904108047485,0.0,0.0,0.0,0.0,0.0
6.661,0.23923903703689575,0.0,0.0,0.0,0.0,0.0
6.681,0.22922903299331665,0.0,0.0,0.0,0.0,0.0
6.702,0.21921902894973755,0.0,0.0,0.0,0.0,0.0
6.721,0.20920902490615845,0.0,0.0,0.0,0.0,0.0
6.742,0.19919902086257935,0.0,0.0,0.0,0.0,0.0
6.761,0.18918901681900024,0.0,0.0,0.0,0.0,0.0
6.781,0.17917901277542114,0.0,0.0,0.0,0.0,0.0
6.802,0.16916900873184204,0.0,0.0,0.0,0.0,0.0
6.821,0.15915900468826294,0.0,0.0,0.0,0.0,0.0
6.8420000000000005,0.14914900064468384,0.0,0.0,0.0,0.0,0.0
6.861,0.13913899660110474,0.0,0.0,0.0,0.0,0.0
6.881,0.12912899255752563,0.0,0.0,0.0,0.0,0.0
6.9030000000000005,0.11911899596452713,0.0,0.0,0.0,0.0,0.0
6.921,0.10910899937152863,0.0,0.0,0.0,0.0,0.0
6.941,0.09909900277853012,0.0,0.0,0.0,0.0,0.0
6.961,0.08908900618553162,0.0,0.0,0.0,0.0,0.0
6.982,0.07907900959253311,0.0,0.0,0.0,0.0,0.0
7.003,0.0690690129995346,0.0,0.0,0.0,0.0,0.0
7.021,0.059059012681245804,0.0,0.0,0.0,0.0,0.0
7.041,0.049049012362957,0.0,0.0,0.0,0.0,0.0
7.062,0.0390390120446682,0.0,0.0,0.0,0.0,0.0
7.081,0.029029011726379395,0.0,0.0,0.0,0.0,0.0
7.1,0.01901901140809059,0.0,0.0,0.0,0.0,0.0
7.121,0.009009012021124363,0.0,0.0,0.0,0.0,0.0
7.141,0.0,0.0,0.0,0.0,0.0,-0.39269908169872414
7.161,0.0,0.0,0.0,0.0,0.0,-0.39269908169872414
7.181,0.0,0.0,0.0,0.0,0.0,-0.39269908169872414
7.201,0.0,0.0,0.0,0.0,0.0,-0.39269908169872414
7.223,0.0,0.0,0.0,0.0,0.0,-0.39269908169872414
7.242,0.0,0.0,0.0,0.0,0.0,-0.39269908169872414
7.261,0.0,0.0,0.0,0.0,0.0,-0.39269908169872414
7.281,0.0,0.0,0.0,0.0,0.0,-0.39269908169872414
7.302,0.0,0.0,0.0,0.0,0.0,-0.39269908169872414
7.321,0.0,0.0,0.0,0.0,0.0,-0.39269908169872414
7.341,0.0,0.0,0.0,0.0,0.0,-0.39269908169872414
7.362,0.0,0.0,0.0,0.0,0.0,-0.39269908169872414
7.381,0.0,0.0,0.0,0.0,0.0,-0.39269908169872414
7.401,0.0,0.0,0.0,0.0,0.0,-0.39269908169872414
7.421,0.0,0.0,0.0,0.0,0.0,-0.39269908169872414
7.441,0.0,0.0,0.0,0.0,0.0,-0.39269908169872414
7.461,0.0,0.0,0.0,0.0,0.0,-0.39269908169872414
7.481,0.0,0.0,0.0,0.0,0.0,-0.39269908169872414
7.502,0.0,0.0,0.0,0.0,0.0,-0.39269908169872414
7.521,0.0,0.0,0.0,0.0,0.0,-0.39269908169872414
7.541,0.0,0.0,0.0,0.0,0.0,-0.39269908169872414
7.561,0.0,0.0,0.0,0.0,0.0,-0.39269908169872414
7.581,0.0,0.0,0.0,0.0,0.0,-0.39269908169872414
7.601,0.0,0.0,0.0,0.0,0.0,-0.39269908169872414
7.621,0.0,0.0,0.0,0.0,0.0,-0.39269908169872414
7.643,0.0,0.0,0.0,0.0,0.0,-0.39269908169872414
7.661,0.0,0.0,0.0,0.0,0.0,-0.39269908169872414
7.681,0.0,0.0,0.0,0.0,0.0,-0.39269908169872414
7.7010000000000005,0.0,0.0,0.0,0.0,0.0,-0.39269908169872414
7.72,0.0,0.0,0.0,0.0,0.0,-0.39269908169872414
7.741,0.0,0.0,0.0,0.0,0.0,-0.39269908169872414
7.761,0.0,0.0,0.0,0.0,0.0,-0.39269908169872414
7.781,0.0,0.0,0.0,0.0,0.0,-0.39269908169872414
7.801,0.0,0.0,0.0,0.0,0.0,-0.39269908169872414
7.823,0.0,0.0,0.0,0.0,0.0,-0.39269908169872414
7.841,0.0,0.0,0.0,0.0,0.0,-0.39269908169872414
7.861,0.0,0.0,0.0,0.0,0.0,-0.39269908169872414
7.881,0.0,0.0,0.0,0.0,0.0,-0.39269908169872414
7.901,0.0,0.0,0.0,0.0,0.0,-0.39269908169872414
7.921,0.0,0.0,0.0,0.0,0.0,-0.39269908169872414
7.942,0.0,0.0,0.0,0.0,0.0,-0.39269908169872414
7.961,0.0,0.0,0.0,0.0,0.0,-0.39269908169872414
7.981,0.0,0.0,0.0,0.0,0.0,-0.39269908169872414
8.002,0.0,0.0,0.0,0.0,0.0,-0.39269908169872414
8.021,0.0,0.0,0.0,0.0,0.0,-0.39269908169872414
8.041,0.0,0.0,0.0,0.0,0.0,-0.39269908169872414
8.063,0.0,0.0,0.0,0.0,0.0,-0.39269908169872414
8.081,0.0,0.0,0.0,0.0,0.0,-0.39269908169872414
8.101,0.0,0.0,0.0,0.0,0.0,-0.39269908169872414
8.121,0.0,0.0,0.0,0.0,0.0,-0.39269908169872414
8.141,0.0,0.0,0.0,0.0,0.0,-0.39269908169872414
8.161,0.0,0.0,0.0,0.0,0.0,-0.39269908169872414
8.181,0.0,0.0,0.0,0.0,0.0,-0.39269908169872414
8.201,0.0,0.0,0.0,0.0,0.0,-0.39269908169872414
8.221,0.0,0.0,0.0,0.0,0.0,-0.39269908169872414
8.24,0.0,0.0,0.0,0.0,0.0,-0.39269908169872414
8.262,0.0,0.0,0.0,0.0,0.0,-0.39269908169872414
8.281,0.0,0.0,0.0,0.0,0.0,-0.39269908169872414
8.299,0.0,0.0,0.0,0.0,0.0,-0.39269908169872414
8.321,0.0,0.0,0.0,0.0,0.0,-0.39269908169872414
8.341,0.0,0.0,0.0,0.0,0.0,-0.39269908169872414
8.362,0.0,0.0,0.0,0.0,0.0,-0.39269908169872414
8.382,0.0,0.0,0.0,0.0,0.0,-0.39269908169872414
8.401,0.0,0.0,0.0,0.0,0.0,-0.39269908169872414
8.421,0.0,0.0,0.0,0.0,0.0,-0.39269908169872414
8.441,0.0,0.0,0.0,0.0,0.0,-0.39269908169872414
8.46,0.0,0.0,0.0,0.0,0.0,-0.39269908169872414
8.481,0.0,0.0,0.0,0.0,0.0,-0.39269908169872414
8.502,0.0,0.0,0.0,0.0,0.0,-0.39269908169872414
8.521,0.0,0.0,0.0,0.0,0.0,-0.39269908169872414
8.541,0.0,0.0,0.0,0.0,0.0,-0.39269908169872414
8.562,0.0,0.0,0.0,0.0,0.0,-0.39269908169872414
8.582,0.0,0.0,0.0,0.0,0.0,-0.39269908169872414
8.601,0.0,0.0,0.0,0.0,0.0,-0.39269908169872414
8.621,0.0,0.0,0.0,0.0,0.0,-0.39269908169872414
8.641,0.0,0.0,0.0,0.0,0.0,-0.39269908169872414
8.661,0.0,0.0,0.0,0.0,0.0,-0.39269908169872414
8.682,0.0,0.0,0.0,0.0,0.0,-0.39269908169872414
8.701,0.0,0.0,0.0,0.0,0.0,-0.39269908169872414
8.721,0.0,0.0,0.0,0.0,0.0,-0.39269908169872414
8.741,0.0,0.0,0.0,0.0,0.0,-0.39269908169872414
8.761,0.0,0.0,0.0,0.0,0.0,-0.39269908169872414
8.781,0.0,0.0,0.0,0.0,0.0,-0.39269908169872414
8.803,0.0,0.0,0.0,0.0,0.0,-0.39269908169872414
8.821,0.0,0.0,0.0,0.0,0.0,-0.39269908169872414
8.841,0.0,0.0,0.0,0.0,0.0,-0.39269908169872414
8.861,0.0,0.0,0.0,0.0,0.0,-0.39269908169872414
8.881,0.0,0.0,0.0,0.0,0.0,-0.39269908169872414
8.902,0.0,0.0,0.0,0.0,0.0,-0.39269908169872414
8.921,0.0,0.0,0.0,0.0,0.0,-0.39269908169872414
8.941,0.0,0.0,0.0,0.0,0.0,-0.39269908169872414
8.962,0.0,0.0,0.0,0.0,0.0,-0.39269908169872414
8.981,0.0,0.0,0.0,0.0,0.0,-0.39269908169872414
9.001,0.0,0.0,0.0,0.0,0.0,-0.39269908169872414
9.022,0.0,0.0,0.0,0.0,0.0,-0.39269908169872414
9.041,0.0,0.0,0.0,0.0,0.0,-0.39269908169872414
9.062,0.0,0.0,0.0,0.0,0.0,-0.39269908169872414
9.08,0.0,0.0,0.0,0.0,0.0,-0.39269908169872414
9.101,0.0,0.0,0.0,0.0,0.0,-0.39269908169872414
9.122,0.0,0.0,0.0,0.0,0.0,-0.39269908169872414
9.141,0.0,0.0,0.0,0.0,0.0,-0.39269908169872414
9.162,0.0,0.0,0.0,0.0,0.0,-0.39269908169872414
9.183,0.0,0.0,0.0,0.0,0.0,-0.39269908169872414
9.201,0.0,0.0,0.0,0.0,0.0,-0.39269908169872414
9.221,0.0,0.0,0.0,0.0,0.0,-0.39269908169872414
9.241,0.0,0.0,0.0,0.0,0.0,-0.39269908169872414
9.261,0.0,0.0,0.0,0.0,0.0,-0.39269908169872414
9.281,0.0,0.0,0.0,0.0,0.0,-0.39269908169872414
9.301,0.0,0.0,0.0,0.0,0.0,-0.39269908169872414
9.321,0.0,0.0,0.0,0.0,0.0,-0.39269908169872414
9.341,0.0,0.0,0.0,0.0,0.0,-0.39269908169872414
9.361,0.0,0.0,0.0,0.0,0.0,-0.39269908169872414
9.381,0.0,0.0,0.0,0.0,0.0,-0.39269908169872414
9.399000000000001,0.0,0.0,0.0,0.0,0.0,-0.39269908169872414
9.421,0.0,0.0,0.0,0.0,0.0,-0.39269908169872414
9.441,0.0,0.0,0.0,0.0,0.0,-0.39269908169872414
9.461,0.0,0.0,0.0,0.0,0.0,-0.39269908169872414
9.481,0.0,0.0,0.0,0.0,0.0,-0.39269908169872414
9.502,0.0,0.0,0.0,0.0,0.0,-0.39269908169872414
9.52,0.0,0.0,0.0,0.0,0.0,-0.39269908169872414
9.541,0.0,0.0,0.0,0.0,0.0,-0.39269908169872414
9.561,0.0,0.0,0.0,0.0,0.0,-0.39269908169872414
9.581,0.0,0.0,0.0,0.0,0.0,-0.39269908169872414
9.601,0.0,0.0,0.0,0.0,0.0,-0.39269908169872414
9.621,0.0,0.0,0.0,0.0,0.0,-0.39269908169872414
9.64,0.0,0.0,0.0,0.0,0.0,-0.39269908169872414
9.661,0.0,0.0,0.0,0.0,0.0,-0.39269908169872414
9.68,0.0,0.0,0.0,0.0,0.0,-0.39269908169872414
9.702,0.0,0.0,0.0,0.0,0.0,-0.39269908169872414
9.721,0.0,0.0,0.0,0.0,0.0,-0.39269908169872414
9.744,0.0,0.0,0.0,0.0,0.0,-0.39269908169872414
9.761,0.0,0.0,0.0,0.0,0.0,-0.39269908169872414
9.782,0.0,0.0,0.0,0.0,0.0,-0.39269908169872414
9.802,0.0,0.0,0.0,0.0,0.0,-0.39269908169872414
9.821,0.0,0.0,0.0,0.0,0.0,-0.39269908169872414
9.841,0.0,0.0,0.0,0.0,0.0,-0.39269908169872414
9.861,0.0,0.0,0.0,0.0,0.0,-0.39269908169872414
9.882,0.0,0.0,0.0,0.0,0.0,-0.39269908169872414
9.901,0.0,0.0,0.0,0.0,0.0,-0.39269908169872414
9.921,0.0,0.0,0.0,0.0,0.0,-0.39269908169872414
9.947,0.0,0.0,0.0,0.0,0.0,-0.39269908169872414
9.961,0.0,0.0,0.0,0.0,0.0,-0.39269908169872414
9.982,0.0,0.0,0.0,0.0,0.0,-0.39269908169872414
10.001,0.0,0.0,0.0,0.0,0.0,-0.39269908169872414
10.025,0.0,0.0,0.0,0.0,0.0,-0.39269908169872414
10.041,0.0,0.0,0.0,0.0,0.0,-0.39269908169872414
10.063,0.0,0.0,0.0,0.0,0.0,-0.39269908169872414
10.081,0.0,0.0,0.0,0.0,0.0,-0.39269908169872414
10.103,0.0,0.0,0.0,0.0,0.0,-0.39269908169872414
10.121,0.0,0.0,0.0,0.0,0.0,-0.39269908169872414
10.142,0.0,0.0,0.0,0.0,0.0,-0.39269908169872414
10.161,0.0,0.0,0.0,0.0,0.0,-0.39269908169872414
10.181,0.0,0.0,0.0,0.0,0.0,-0.39269908169872414
10.199,0.0,0.0,0.0,0.0,0.0,-0.39269908169872414
10.221,0.0,0.0,0.0,0.0,0.0,-0.39269908169872414
10.241,0.0,0.0,0.0,0.0,0.0,-0.39269908169872414
10.261,0.0,0.0,0.0,0.0,0.0,-0.39269908169872414
10.281,0.0,0.0,0.0,0.0,0.0,-0.39269908169872414
10.301,0.0,0.0,0.0,0.0,0.0,-0.39269908169872414
10.321,0.0,0.0,0.0,0.0,0.0,-0.39269908169872414
10.341,0.0,0.0,0.0,0.0,0.0,-0.39269908169872414
10.362,0.0,0.0,0.0,0.0,0.0,-0.39269908169872414
10.382,0.0,0.0,0.0,0.0,0.0,-0.39269908169872414
10.401,0.0,0.0,0.0,0.0,0.0,-0.39269908169872414
10.423,0.0,0.0,0.0,0.0,0.0,-0.39269908169872414
10.442,0.0,0.0,0.0,0.0,0.0,-0.39269908169872414
10.461,0.0,0.0,0.0,0.0,0.0,-0.39269908169872414
10.482,0.0,0.0,0.0,0.0,0.0,-0.39269908169872414
10.501,0.0,0.0,0.0,0.0,0.0,-0.39269908169872414
10.525,0.0,0.0,0.0,0.0,0.0,-0.39269908169872414
10.541,0.0,0.0,0.0,0.0,0.0,-0.39269908169872414
10.561,0.0,0.0,0.0,0.0,0.0,-0.39269908169872414
10.581,0.0,0.0,0.0,0.0,0.0,-0.39269908169872414
10.603,0.0,0.0,0.0,0.0,0.0,-0.39269908169872414
10.621,0.0,0.0,0.0,0.0,0.0,-0.39269908169872414
10.641,0.0,0.0,0.0,0.0,0.0,-0.39269908169872414
10.661,0.0,0.0,0.0,0.0,0.0,-0.39269908169872414
10.681000000000001,0.0,0.0,0.0,0.0,0.0,-0.39269908169872414
10.701,0.0,0.0,0.0,0.0,0.0,-0.39269908169872414
10.721,0.0,0.0,0.0,0.0,0.0,-0.39269908169872414
10.741,0.0,0.0,0.0,0.0,0.0,-0.39269908169872414
10.761,0.0,0.0,0.0,0.0,0.0,-0.39269908169872414
10.782,0.0,0.0,0.0,0.0,0.0,-0.39269908169872414
10.801,0.0,0.0,0.0,0.0,0.0,-0.39269908169872414
10.821,0.0,0.0,0.0,0.0,0.0,-0.39269908169872414
10.841,0.0,0.0,0.0,0.0,0.0,-0.39269908169872414
10.861,0.0,0.0,0.0,0.0,0.0,-0.39269908169872414
10.881,0.0,0.0,0.0,0.0,0.0,-0.39269908169872414
10.901,0.0,0.0,0.0,0.0,0.0,-0.39269908169872414
10.921,0.0,0.0,0.0,0.0,0.0,-0.39269908169872414
10.942,0.0,0.0,0.0,0.0,0.0,-0.39269908169872414
10.961,0.0,0.0,0.0,0.0,0.0,-0.39269908169872414
10.981,0.0,0.0,0.0,0.0,0.0,-0.39269908169872414
11.001,0.0,0.0,0.0,0.0,0.0,-0.39269908169872414
11.021,0.0,0.0,0.0,0.0,0.0,-0.39269908169872414
11.041,0.0,0.0,0.0,0.0,0.0,-0.39269908169872414
11.061,0.0,0.0,0.0,0.0,0.0,-0.39269908169872414
11.081,0.0,0.0,0.0,0.0,0.0,-0.39269908169872414
11.101,0.0,0.0,0.0,0.0,0.0,-0.39269908169872414
11.121,0.0,0.0,0.0,0.0,0.0,-0.39269908169872414
11.141,0.009999999776482582,0.0,0.0,0.0,0.0,0.0
11.162,0.019999999552965164,0.0,0.0,0.0,0.0,0.0
11.184,0.029999999329447746,0.0,0.0,0.0,0.0,0.0
11.201,0.03999999910593033,0.0,0.0,0.0,0.0,0.0
11.221,0.04999999701976776,0.0,0.0,0.0,0.0,0.0
11.241,0.059999994933605194,0.0,0.0,0.0,0.0,0.0
11.261,0.06999999284744263,0.0,0.0,0.0,0.0,0.0
11.282,0.07999999076128006,0.0,0.0,0.0,0.0,0.0
11.301,0.08999998867511749,0.0,0.0,0.0,0.0,0.0
11.322,0.09999998658895493,0.0,0.0,0.0,0.0,0.0
11.341,0.10999998450279236,0.0,0.0,0.0,0.0,0.0
11.361,0.11999998241662979,0.0,0.0,0.0,0.0,0.0
11.381,0.12999998033046722,0.0,0.0,0.0,0.0,0.0
11.403,0.13999998569488525,0.0,0.0,0.0,0.0,0.0
11.423,0.14999999105930328,0.0,0.0,0.0,0.0,0.0
11.441,0.1599999964237213,0.0,0.0,0.0,0.0,0.0
11.461,0.17000000178813934,0.0,0.0,0.0,0.0,0.0
11.481,0.18000000715255737,0.0,0.0,0.0,0.0,0.0
11.501,0.1900000125169754,0.0,0.0,0.0,0.0,0.0
11.521,0.20000001788139343,0.0,0.0,0.0,0.0,0.0
11.541,0.21000002324581146,0.0,0.0,0.0,0.0,0.0
11.561,0.2200000286102295,0.0,0.0,0.0,0.0,0.0
11.583,0.23000003397464752,0.0,0.0,0.0,0.0,0.0
11.601,0.24000003933906555,0.0,0.0,0.0,0.0,0.0
11.622,0.2500000298023224,0.0,0.0,0.0,0.0,0.0
11.641,0.2600000202655792,0.0,0.0,0.0,0.0,0.0
11.661,0.27000001072883606,0.0,0.0,0.0,0.0,0.0
11.681000000000001,0.2800000011920929,0.0,0.0,0.0,0.0,0.0
11.701,0.28999999165534973,0.0,0.0,0.0,0.0,0.0
11.721,0.29999998211860657,0.0,0.0,0.0,0.0,0.0
11.742,0.3099999725818634,0.0,0.0,0.0,0.0,0.0
11.761,0.31999996304512024,0.0,0.0,0.0,0.0,0.0
11.782,0.3299999535083771,0.0,0.0,0.0,0.0,0.0
11.801,0.3399999439716339,0.0,0.0,0.0,0.0,0.0
11.823,0.34999993443489075,0.0,0.0,0.0,0.0,0.0
11.841,0.3599999248981476,0.0,0.0,0.0,0.0,0.0
11.86,0.3699999153614044,0.0,0.0,0.0,0.0,0.0
11.881,0.37999990582466125,0.0,0.0,0.0,0.0,0.0
11.901,0.3899998962879181,0.0,0.0,0.0,0.0,0.0
11.922,0.3999998867511749,0.0,0.0,0.0,0.0,0.0
11.942,0.40999987721443176,0.0,0.0,0.0,0.0,0.0
11.961,0.4199998676776886,0.0,0.0,0.0,0.0,0.0
11.981,0.42999985814094543,0.0,0.0,0.0,0.0,0.0
12.001,0.43999984860420227,0.0,0.0,0.0,0.0,0.0
12.023,0.4499998390674591,0.0,0.0,0.0,0.0,0.0
12.041,0.45999982953071594,0.0,0.0,0.0,0.0,0.0
12.061,0.4699998199939728,0.0,0.0,0.0,0.0,0.0
12.082,0.4799998104572296,0.0,0.0,0.0,0.0,0.0
12.101,0.48999980092048645,0.0,0.0,0.0,0.0,0.0
12.121,0.4999997913837433,0.0,0.0,0.0,0.0,0.0
12.141,0.5099998116493225,0.0,0.0,0.0,0.0,0.0
12.161,0.5199998021125793,0.0,0.0,0.0,0.0,0.0
12.181,0.5299997925758362,0.0,0.0,0.0,0.0,0.0
12.2,0.539999783039093,0.0,0.0,0.0,0.0,0.0
12.221,0.5499997735023499,0.0,0.0,0.0,0.0,0.0
12.241,0.5599997639656067,0.0,0.0,0.0,0.0,0.0
12.261,0.5699997544288635,0.0,0.0,0.0,0.0,0.0
12.281,0.5799997448921204,0.0,0.0,0.0,0.0,0.0
12.301,0.5899997353553772,0.0,0.0,0.0,0.0,0.0
12.321,0.599999725818634,0.0,0.0,0.0,0.0,0.0
12.341,0.6099997162818909,0.0,0.0,0.0,0.0,0.0
12.361,0.6199997067451477,0.0,0.0,0.0,0.0,0.0
12.381,0.6299996972084045,0.0,0.0,0.0,0.0,0.0
12.402,0.6399996876716614,0.0,0.0,0.0,0.0,0.0
12.421,0.6499996781349182,0.0,0.0,0.0,0.0,0.0
12.441,0.659999668598175,0.0,0.0,0.0,0.0,0.0
12.461,0.6699996590614319,0.0,0.0,0.0,0.0,0.0
12.482,0.6799996495246887,0.0,0.0,0.0,0.0,0.0
12.501,0.6899996399879456,0.0,0.0,0.0,0.0,0.0
12.526,0.6999996304512024,0.0,0.0,0.0,0.0,0.0
12.542,0.7099996209144592,0.0,0.0,0.0,0.0,0.0
12.561,0.7199996113777161,0.0,0.0,0.0,0.0,0.0
12.583,0.7299996018409729,0.0,0.0,0.0,0.0,0.0
12.601,0.7399995923042297,0.0,0.0,0.0,0.0,0.0
12.621,0.7499995827674866,0.0,0.0,0.0,0.0,0.0
12.641,0.7599995732307434,0.0,0.0,0.0,0.0,0.0
12.663,0.7699995636940002,0.0,0.0,0.0,0.0,0.0
12.682,0.7799995541572571,0.0,0.0,0.0,0.0,0.0
12.702,0.7899995446205139,0.0,0.0,0.0,0.0,0.0
12.721,0.7999995350837708,0.0,0.0,0.0,0.0,0.0
12.741,0.8099995255470276,0.0,0.0,0.0,0.0,0.0
12.761,0.8199995160102844,0.0,0.0,0.0,0.0,0.0
12.781,0.8299995064735413,0.0,0.0,0.0,0.0,0.0
12.801,0.8399994969367981,0.0,0.0,0.0,0.0,0.0
12.821,0.8499994874000549,0.0,0.0,0.0,0.0,0.0
12.844,0.8599994778633118,0.0,0.0,0.0,0.0,0.0
12.861,0.8699994683265686,0.0,0.0,0.0,0.0,0.0
12.88,0.8799994587898254,0.0,0.0,0.0,0.0,0.0
12.903,0.8899994492530823,0.0,0.0,0.0,0.0,0.0
12.921,0.8999994397163391,0.0,0.0,0.0,0.0,0.0
12.941,0.909999430179596,0.0,0.0,0.0,0.0,0.0
12.962,0.9199994206428528,0.0,0.0,0.0,0.0,0.0
12.981,0.9299994111061096,0.0,0.0,0.0,0.0,0.0
13.001,0.9399994015693665,0.0,0.0,0.0,0.0,0.0
13.021,0.9499993920326233,0.0,0.0,0.0,0.0,0.0
13.041,0.9599993824958801,0.0,0.0,0.0,0.0,0.0
13.061,0.969999372959137,0.0,0.0,0.0,0.0,0.0
13.081,0.9799993634223938,0.0,0.0,0.0,0.0,0.0
13.101,0.9899993538856506,0.0,0.0,0.0,0.0,0.0
13.121,0.9999993443489075,0.0,0.0,0.0,0.0,0.0
13.141,1.0,0.0,0.0,0.0,0.0,0.0
13.161,1.0,0.0,0.0,0.0,0.0,0.0
13.181,1.0,0.0,0.0,0.0,0.0,0.0
13.201,1.0,0.0,0.0,0.0,0.0,0.0
13.222,1.0,0.0,0.0,0.0,0.0,0.0
13.241,1.0,0.0,0.0,0.0,0.0,0.0
13.261,1.0,0.0,0.0,0.0,0.0,0.0
13.281,1.0,0.0,0.0,0.0,0.0,0.0
13.301,1.0,0.0,0.0,0.0,0.0,0.0
13.321,1.0,0.0,0.0,0.0,0.0,0.0
13.341,1.0,0.0,0.0,0.0,0.0,0.0
13.361,1.0,0.0,0.0,0.0,0.0,0.0
13.381,1.0,0.0,0.0,0.0,0.0,0.0
13.402,1.0,0.0,0.0,0.0,0.0,0.0
13.422,1.0,0.0,0.0,0.0,0.0,0.0
13.441,1.0,0.0,0.0,0.0,0.0,0.0
13.462,1.0,0.0,0.0,0.0,0.0,0.0
13.482,1.0,0.0,0.0,0.0,0.0,0.0
13.502,1.0,0.0,0.0,0.0,0.0,0.0
13.521,1.0,0.0,0.0,0.0,0.0,0.0
13.541,1.0,0.0,0.0,0.0,0.0,0.0
13.562,1.0,0.0,0.0,0.0,0.0,0.0
13.581,1.0,0.0,0.0,0.0,0.0,0.0
13.602,1.0,0.0,0.0,0.0,0.0,0.0
13.621,1.0,0.0,0.0,0.0,0.0,0.0
13.641,1.0,0.0,0.0,0.0,0.0,0.0
13.66,1.0,0.0,0.0,0.0,0.0,0.0
13.683,1.0,0.0,0.0,0.0,0.0,0.0
13.701,1.0,0.0,0.0,0.0,0.0,0.0
13.723,1.0,0.0,0.0,0.0,0.0,0.0
13.741,1.0,0.0,0.0,0.0,0.0,0.0
13.761,1.0,0.0,0.0,0.0,0.0,0.0
13.781,1.0,0.0,0.0,0.0,0.0,0.0
13.802,1.0,0.0,0.0,0.0,0.0,0.0
13.821,1.0,0.0,0.0,0.0,0.0,0.0
13.841,1.0,0.0,0.0,0.0,0.0,0.0
13.861,1.0,0.0,0.0,0.0,0.0,0.0
13.881,1.0,0.0,0.0,0.0,0.0,0.0
13.901,1.0,0.0,0.0,0.0,0.0,0.0
13.922,1.0,0.0,0.0,0.0,0.0,0.0
13.941,1.0,0.0,0.0,0.0,0.0,0.0
13.961,1.0,0.0,0.0,0.0,0.0,0.0
13.982,1.0,0.0,0.0,0.0,0.0,0.0
14.004,1.0,0.0,0.0,0.0,0.0,0.0
14.021,1.0,0.0,0.0,0.0,0.0,0.0
14.041,1.0,0.0,0.0,0.0,0.0,0.0
14.061,1.0,0.0,0.0,0.0,0.0,0.0
14.082,1.0,0.0,0.0,0.0,0.0,0.0
14.101,1.0,0.0,0.0,0.0,0.0,0.0
14.123,1.0,0.0,0.0,0.0,0.0,0.0
14.141,1.0,0.0,0.0,0.0,0.0,0.0
14.161,1.0,0.0,0.0,0.0,0.0,0.0
14.181,1.0,0.0,0.0,0.0,0.0,0.0
14.201,1.0,0.0,0.0,0.0,0.0,0.0
14.222,1.0,0.0,0.0,0.0,0.0,0.0
14.242,1.0,0.0,0.0,0.0,0.0,0.0
14.263,1.0,0.0,0.0,0.0,0.0,0.0
14.281,1.0,0.0,0.0,0.0,0.0,0.0
14.301,1.0,0.0,0.0,0.0,0.0,0.0
14.323,1.0,0.0,0.0,0.0,0.0,0.0
14.341,1.0,0.0,0.0,0.0,0.0,0.0
14.361,1.0,0.0,0.0,0.0,0.0,0.0
14.381,1.0,0.0,0.0,0.0,0.0,0.0
14.403,1.0,0.0,0.0,0.0,0.0,0.0
14.421,1.0,0.0,0.0,0.0,0.0,0.0
14.442,1.0,0.0,0.0,0.0,0.0,0.0
14.461,1.0,0.0,0.0,0.0,0.0,0.0
14.481,1.0,0.0,0.0,0.0,0.0,0.0
14.501,1.0,0.0,0.0,0.0,0.0,0.0
14.521,1.0,0.0,0.0,0.0,0.0,0.0
14.543,1.0,0.0,0.0,0.0,0.0,0.0
14.561,1.0,0.0,0.0,0.0,0.0,0.0
14.581,1.0,0.0,0.0,0.0,0.0,0.0
14.601,1.0,0.0,0.0,0.0,0.0,0.0
14.621,1.0,0.0,0.0,0.0,0.0,0.0
14.641,1.0,0.0,0.0,0.0,0.0,0.0
14.662,1.0,0.0,0.0,0.0,0.0,0.0
14.682,1.0,0.0,0.0,0.0,0.0,0.0
14.701,1.0,0.0,0.0,0.0,0.0,0.0
14.721,1.0,0.0,0.0,0.0,0.0,0.0
14.741,1.0,0.0,0.0,0.0,0.0,0.0
14.761,1.0,0.0,0.0,0.0,0.0,0.0
14.782,1.0,0.0,0.0,0.0,0.0,0.0
14.804,1.0,0.0,0.0,0.0,0.0,0.0
14.821,1.0,0.0,0.0,0.0,0.0,0.0
14.841,1.0,0.0,0.0,0.0,0.0,0.0
14.861,1.0,0.0,0.0,0.0,0.0,0.0
14.881,1.0,0.0,0.0,0.0,0.0,0.0
14.901,1.0,0.0,0.0,0.0,0.0,0.0
14.921,1.0,0.0,0.0,0.0,0.0,0.0
14.941,1.0,0.0,0.0,0.0,0.0,0.0
14.961,1.0,0.0,0.0,0.0,0.0,0.0
14.981,1.0,0.0,0.0,0.0,0.0,0.0
15.001,1.0,0.0,0.0,0.0,0.0,0.0
15.021,1.0,0.0,0.0,0.0,0.0,0.0
15.041,1.0,0.0,0.0,0.0,0.0,0.0
15.061,1.0,0.0,0.0,0.0,0.0,0.0
15.081,1.0,0.0,0.0,0.0,0.0,0.0
15.102,1.0,0.0,0.0,0.0,0.0,0.0
15.121,1.0,0.0,0.0,0.0,0.0,0.0
15.141,1.0,0.0,0.0,0.0,0.0,0.0
15.162,1.0,0.0,0.0,0.0,0.0,0.0
15.181,1.0,0.0,0.0,0.0,0.0,0.0
15.202,1.0,0.0,0.0,0.0,0.0,0.0
15.221,1.0,0.0,0.0,0.0,0.0,0.0
15.241,1.0,0.0,0.0,0.0,0.0,0.0
15.266,1.0,0.0,0.0,0.0,0.0,0.0
15.281,1.0,0.0,0.0,0.0,0.0,0.0
15.304,1.0,0.0,0.0,0.0,0.0,0.0
15.321,1.0,0.0,0.0,0.0,0.0,0.0
15.341,1.0,0.0,0.0,0.0,0.0,0.0
15.361,1.0,0.0,0.0,0.0,0.0,0.0
15.381,1.0,0.0,0.0,0.0,0.0,0.0
15.401,1.0,0.0,0.0,0.0,0.0,0.0
15.421,1.0,0.0,0.0,0.0,0.0,0.0
15.441,1.0,0.0,0.0,0.0,0.0,0.0
15.461,1.0,0.0,0.0,0.0,0.0,0.0
15.481,1.0,0.0,0.0,0.0,0.0,0.0
15.501,1.0,0.0,0.0,0.0,0.0,0.0
15.521,1.0,0.0,0.0,0.0,0.0,0.0
15.541,1.0,0.0,0.0,0.0,0.0,0.0
15.561,1.0,0.0,0.0,0.0,0.0,0.0
15.581,1.0,0.0,0.0,0.0,0.0,0.0
15.602,1.0,0.0,0.0,0.0,0.0,0.0
15.621,1.0,0.0,0.0,0.0,0.0,0.0
15.643,1.0,0.0,0.0,0.0,0.0,0.0
15.661,1.0,0.0,0.0,0.0,0.0,0.0
15.681000000000001,1.0,0.0,0.0,0.0,0.0,0.0
15.702,1.0,0.0,0.0,0.0,0.0,0.0
15.721,1.0,0.0,0.0,0.0,0.0,0.0
15.743,1.0,0.0,0.0,0.0,0.0,0.0
15.761,1.0,0.0,0.0,0.0,0.0,0.0
15.781,1.0,0.0,0.0,0.0,0.0,0.0
15.801,1.0,0.0,0.0,0.0,0.0,0.0
15.821,1.0,0.0,0.0,0.0,0.0,0.0
15.841,1.0,0.0,0.0,0.0,0.0,0.0
15.861,1.0,0.0,0.0,0.0,0.0,0.0
15.881,1.0,0.0,0.0,0.0,0.0,0.0
15.901,1.0,0.0,0.0,0.0,0.0,0.0
15.921,1.0,0.0,0.0,0.0,0.0,0.0
15.942,1.0,0.0,0.0,0.0,0.0,0.0
15.961,1.0,0.0,0.0,0.0,0.0,0.0
15.984,1.0,0.0,0.0,0.0,0.0,0.0
16.0,1.0,0.0,0.0,0.0,0.0,0.0
16.021,1.0,0.0,0.0,0.0,0.0,0.0
16.041,1.0,0.0,0.0,0.0,0.0,0.0
16.061,1.0,0.0,0.0,0.0,0.0,0.0
16.081,1.0,0.0,0.0,0.0,0.0,0.0
16.101,1.0,0.0,0.0,0.0,0.0,0.0
16.122,1.0,0.0,0.0,0.0,0.0,0.0
16.142,1.0,0.0,0.0,0.0,0.0,0.0
16.161,0.9899893403053284,0.0,0.0,0.0,0.0,0.0
16.181,0.9799793362617493,0.0,0.0,0.0,0.0,0.0
16.201,0.9699693322181702,0.0,0.0,0.0,0.0,0.0
16.221,0.9599593281745911,0.0,0.0,0.0,0.0,0.0
16.241,0.949949324131012,0.0,0.0,0.0,0.0,0.0
16.262,0.9399393200874329,0.0,0.0,0.0,0.0,0.0
16.281,0.9299293160438538,0.0,0.0,0.0,0.0,0.0
16.301,0.9199193120002747,0.0,0.0,0.0,0.0,0.0
16.321,0.9099093079566956,0.0,0.0,0.0,0.0,0.0
16.341,0.8998993039131165,0.0,0.0,0.0,0.0,0.0
16.361,0.8898892998695374,0.0,0.0,0.0,0.0,0.0
16.381,0.8798792958259583,0.0,0.0,0.0,0.0,0.0
16.401,0.8698692917823792,0.0,0.0,0.0,0.0,0.0
16.421,0.8598592877388,0.0,0.0,0.0,0.0,0.0
16.441,0.849849283695221,0.0,0.0,0.0,0.0,0.0
16.461,0.8398392796516418,0.0,0.0,0.0,0.0,0.0
16.484,0.8298292756080627,0.0,0.0,0.0,0.0,0.0
16.502,0.8198192715644836,0.0,0.0,0.0,0.0,0.0
16.521,0.8098092675209045,0.0,0.0,0.0,0.0,0.0
16.542,0.7997992634773254,0.0,0.0,0.0,0.0,0.0
16.562,0.7897892594337463,0.0,0.0,0.0,0.0,0.0
16.582,0.7797792553901672,0.0,0.0,0.0,0.0,0.0
16.601,0.7697692513465881,0.0,0.0,0.0,0.0,0.0
16.621,0.759759247303009,0.0,0.0,0.0,0.0,0.0
16.641,0.7497492432594299,0.0,0.0,0.0,0.0,0.0
16.661,0.7397392392158508,0.0,0.0,0.0,0.0,0.0
16.681,0.7297292351722717,0.0,0.0,0.0,0.0,0.0
16.701,0.7197192311286926,0.0,0.0,0.0,0.0,0.0
16.721,0.7097092270851135,0.0,0.0,0.0,0.0,0.0
16.741,0.6996992230415344,0.0,0.0,0.0,0.0,0.0
16.761,0.6896892189979553,0.0,0.0,0.0,0.0,0.0
16.781,0.6796792149543762,0.0,0.0,0.0,0.0,0.0
16.804,0.6696692109107971,0.0,0.0,0.0,0.0,0.0
16.821,0.659659206867218,0.0,0.0,0.0,0.0,0.0
16.841,0.6496492028236389,0.0,0.0,0.0,0.0,0.0
16.862000000000002,0.6396391987800598,0.0,0.0,0.0,0.0,0.0
16.881,0.6296291947364807,0.0,0.0,0.0,0.0,0.0
16.903,0.6196191906929016,0.0,0.0,0.0,0.0,0.0
16.921,0.6096091866493225,0.0,0.0,0.0,0.0,0.0
16.941,0.5995991826057434,0.0,0.0,0.0,0.0,0.0
16.961,0.5895891785621643,0.0,0.0,0.0,0.0,0.0
16.981,0.5795791745185852,0.0,0.0,0.0,0.0,0.0
17.001,0.5695691704750061,0.0,0.0,0.0,0.0,0.0
17.021,0.559559166431427,0.0,0.0,0.0,0.0,0.0
17.04,0.5495491623878479,0.0,0.0,0.0,0.0,0.0
17.061,0.5395391583442688,0.0,0.0,0.0,0.0,0.0
17.081,0.5295291543006897,0.0,0.0,0.0,0.0,0.0
17.101,0.5195191502571106,0.0,0.0,0.0,0.0,0.0
17.122,0.5095091462135315,0.0,0.0,0.0,0.0,0.0
17.141,0.4994991421699524,0.0,0.0,0.0,0.0,0.0
17.161,0.4894891381263733,0.0,0.0,0.0,0.0,0.0
17.181,0.4794791340827942,0.0,0.0,0.0,0.0,0.0
17.2,0.4694691300392151,0.0,0.0,0.0,0.0,0.0
17.225,0.459459125995636,0.0,0.0,0.0,0.0,0.0
17.241,0.4494491219520569,0.0,0.0,0.0,0.0,0.0
17.264,0.4394391179084778,0.0,0.0,0.0,0.0,0.0
17.281,0.4294291138648987,0.0,0.0,0.0,0.0,0.0
17.309,0.4194191098213196,0.0,0.0,0.0,0.0,0.0
17.321,0.4094091057777405,0.0,0.0,0.0,0.0,0.0
17.341,0.3993991017341614,0.0,0.0,0.0,0.0,0.0
17.361,0.3893890976905823,0.0,0.0,0.0,0.0,0.0
17.381,0.3793790936470032,0.0,0.0,0.0,0.0,0.0
17.402,0.3693690896034241,0.0,0.0,0.0,0.0,0.0
17.421,0.35935908555984497,0.0,0.0,0.0,0.0,0.0
17.442,0.34934908151626587,0.0,0.0,0.0,0.0,0.0
17.462,0.33933907747268677,0.0,0.0,0.0,0.0,0.0
17.481,0.32932907342910767,0.0,0.0,0.0,0.0,0.0
17.501,0.31931906938552856,0.0,0.0,0.0,0.0,0.0
17.526,0.30930906534194946,0.0,0.0,0.0,0.0,0.0
17.541,0.29929906129837036,0.0,0.0,0.0,0.0,0.0
17.561,0.28928905725479126,0.0,0.0,0.0,0.0,0.0
17.581,0.27927905321121216,0.0,0.0,0.0,0.0,0.0
17.602,0.26926904916763306,0.0,0.0,0.0,0.0,0.0
17.621,0.25925904512405396,0.0,0.0,0.0,0.0,0.0
17.642,0.24924904108047485,0.0,0.0,0.0,0.0,0.0
17.661,0.23923903703689575,0.0,0.0,0.0,0.0,0.0
17.681,0.22922903299331665,0.0,0.0,0.0,0.0,0.0
17.701,0.21921902894973755,0.0,0.0,0.0,0.0,0.0
17.721,0.20920902490615845,0.0,0.0,0.0,0.0,0.0
17.744,0.19919902086257935,0.0,0.0,0.0,0.0,0.0
17.762,0.18918901681900024,0.0,0.0,0.0,0.0,0.0
17.781,0.17917901277542114,0.0,0.0,0.0,0.0,0.0
17.801,0.16916900873184204,0.0,0.0,0.0,0.0,0.0
17.822,0.15915900468826294,0.0,0.0,0.0,0.0,0.0
17.841,0.14914900064468384,0.0,0.0,0.0,0.0,0.0
17.861,0.13913899660110474,0.0,0.0,0.0,0.0,0.0
17.881,0.12912899255752563,0.0,0.0,0.0,0.0,0.0
17.905,0.11911899596452713,0.0,0.0,0.0,0.0,0.0
17.921,0.10910899937152863,0.0,0.0,0.0,0.0,0.0
17.942,0.09909900277853012,0.0,0.0,0.0,0.0,0.0
17.963,0.08908900618553162,0.0,0.0,0.0,0.0,0.0
17.981,0.07907900959253311,0.0,0.0,0.0,0.0,0.0
18.004,0.0690690129995346,0.0,0.0,0.0,0.0,0.0
18.021,0.059059012681245804,0.0,0.0,0.0,0.0,0.0
18.041,0.049049012362957,0.0,0.0,0.0,0.0,0.0
18.062,0.0390390120446682,0.0,0.0,0.0,0.0,0.0
18.081,0.029029011726379395,0.0,0.0,0.0,0.0,0.0
18.101,0.01901901140809059,0.0,0.0,0.0,0.0,0.0
18.123,0.009009012021124363,0.0,0.0,0.0,0.0,0.0
18.141,0.0,0.0,0.0,0.0,0.0,-0.39269908169872414
18.161,0.0,0.0,0.0,0.0,0.0,-0.39269908169872414
18.181,0.0,0.0,0.0,0.0,0.0,-0.39269908169872414
18.201,0.0,0.0,0.0,0.0,0.0,-0.39269908169872414
18.221,0.0,0.0,0.0,0.0,0.0,-0.39269908169872414
18.242,0.0,0.0,0.0,0.0,0.0,-0.39269908169872414
18.261,0.0,0.0,0.0,0.0,0.0,-0.39269908169872414
18.281,0.0,0.0,0.0,0.0,0.0,-0.39269908169872414
18.303,0.0,0.0,0.0,0.0,0.0,-0.39269908169872414
18.321,0.0,0.0,0.0,0.0,0.0,-0.39269908169872414
18.341,0.0,0.0,0.0,0.0,0.0,-0.39269908169872414
18.361,0.0,0.0,0.0,0.0,0.0,-0.39269908169872414
18.378,0.0,0.0,0.0,0.0,0.0,-0.39269908169872414
18.402,0.0,0.0,0.0,0.0,0.0,-0.39269908169872414
18.422,0.0,0.0,0.0,0.0,0.0,-0.39269908169872414
18.442,0.0,0.0,0.0,0.0,0.0,-0.39269908169872414
18.461,0.0,0.0,0.0,0.0,0.0,-0.39269908169872414
18.482,0.0,0.0,0.0,0.0,0.0,-0.39269908169872414
18.501,0.0,0.0,0.0,0.0,0.0,-0.39269908169872414
18.521,0.0,0.0,0.0,0.0,0.0,-0.39269908169872414
18.541,0.0,0.0,0.0,0.0,0.0,-0.39269908169872414
18.565,0.0,0.0,0.0,0.0,0.0,-0.39269908169872414
18.581,0.0,0.0,0.0,0.0,0.0,-0.39269908169872414
18.602,0.0,0.0,0.0,0.0,0.0,-0.39269908169872414
18.622,0.0,0.0,0.0,0.0,0.0,-0.39269908169872414
18.641,0.0,0.0,0.0,0.0,0.0,-0.39269908169872414
18.661,0.0,0.0,0.0,0.0,0.0,-0.39269908169872414
18.681,0.0,0.0,0.0,0.0,0.0,-0.39269908169872414
18.701,0.0,0.0,0.0,0.0,0.0,-0.39269908169872414
18.721,0.0,0.0,0.0,0.0,0.0,-0.39269908169872414
18.741,0.0,0.0,0.0,0.0,0.0,-0.39269908169872414
18.761,0.0,0.0,0.0,0.0,0.0,-0.39269908169872414
18.781,0.0,0.0,0.0,0.0,0.0,-0.39269908169872414
18.801,0.0,0.0,0.0,0.0,0.0,-0.39269908169872414
18.82,0.0,0.0,0.0,0.0,0.0,-0.39269908169872414
18.842,0.0,0.0,0.0,0.0,0.0,-0.39269908169872414
18.861,0.0,0.0,0.0,0.0,0.0,-0.39269908169872414
18.881,0.0,0.0,0.0,0.0,0.0,-0.39269908169872414
18.901,0.0,0.0,0.0,0.0,0.0,-0.39269908169872414
18.921,0.0,0.0,0.0,0.0,0.0,-0.39269908169872414
18.941,0.0,0.0,0.0,0.0,0.0,-0.39269908169872414
18.961,0.0,0.0,0.0,0.0,0.0,-0.39269908169872414
18.982,0.0,0.0,0.0,0.0,0.0,-0.39269908169872414
19.001,0.0,0.0,0.0,0.0,0.0,-0.39269908169872414
19.021,0.0,0.0,0.0,0.0,0.0,-0.39269908169872414
19.041,0.0,0.0,0.0,0.0,0.0,-0.39269908169872414
19.061,0.0,0.0,0.0,0.0,0.0,-0.39269908169872414
19.081,0.0,0.0,0.0,0.0,0.0,-0.39269908169872414
19.101,0.0,0.0,0.0,0.0,0.0,-0.39269908169872414
19.121,0.0,0.0,0.0,0.0,0.0,-0.39269908169872414
19.141,0.0,0.0,0.0,0.0,0.0,-0.39269908169872414
19.161,0.0,0.0,0.0,0.0,0.0,-0.39269908169872414
19.181,0.0,0.0,0.0,0.0,0.0,-0.39269908169872414
19.201,0.0,0.0,0.0,0.0,0.0,-0.39269908169872414
19.221,0.0,0.0,0.0,0.0,0.0,-0.39269908169872414
19.241,0.0,0.0,0.0,0.0,0.0,-0.39269908169872414
19.261,0.0,0.0,0.0,0.0,0.0,-0.39269908169872414
19.281,0.0,0.0,0.0,0.0,0.0,-0.39269908169872414
19.304,0.0,0.0,0.0,0.0,0.0,-0.39269908169872414
19.321,0.0,0.0,0.0,0.0,0.0,-0.39269908169872414
19.342,0.0,0.0,0.0,0.0,0.0,-0.39269908169872414
19.361,0.0,0.0,0.0,0.0,0.0,-0.39269908169872414
19.381,0.0,0.0,0.0,0.0,0.0,-0.39269908169872414
19.403,0.0,0.0,0.0,0.0,0.0,-0.39269908169872414
19.43,0.0,0.0,0.0,0.0,0.0,-0.39269908169872414
19.441,0.0,0.0,0.0,0.0,0.0,-0.39269908169872414
19.461,0.0,0.0,0.0,0.0,0.0,-0.39269908169872414
19.482,0.0,0.0,0.0,0.0,0.0,-0.39269908169872414
19.501,0.0,0.0,0.0,0.0,0.0,-0.39269908169872414
19.521,0.0,0.0,0.0,0.0,0.0,-0.39269908169872414
19.541,0.0,0.0,0.0,0.0,0.0,-0.39269908169872414
19.561,0.0,0.0,0.0,0.0,0.0,-0.39269908169872414
19.582,0.0,0.0,0.0,0.0,0.0,-0.39269908169872414
19.604,0.0,0.0,0.0,0.0,0.0,-0.39269908169872414
19.621,0.0,0.0,0.0,0.0,0.0,-0.39269908169872414
19.641,0.0,0.0,0.0,0.0,0.0,-0.39269908169872414
19.661,0.0,0.0,0.0,0.0,0.0,-0.39269908169872414
19.683,0.0,0.0,0.0,0.0,0.0,-0.39269908169872414
19.703,0.0,0.0,0.0,0.0,0.0,-0.39269908169872414
19.722,0.0,0.0,0.0,0.0,0.0,-0.39269908169872414
19.741,0.0,0.0,0.0,0.0,0.0,-0.39269908169872414
19.761,0.0,0.0,0.0,0.0,0.0,-0.39269908169872414
19.781,0.0,0.0,0.0,0.0,0.0,-0.39269908169872414
19.798000000000002,0.0,0.0,0.0,0.0,0.0,-0.39269908169872414
19.829,0.0,0.0,0.0,0.0,0.0,-0.39269908169872414
19.841,0.0,0.0,0.0,0.0,0.0,-0.39269908169872414
19.861,0.0,0.0,0.0,0.0,0.0,-0.39269908169872414
19.881,0.0,0.0,0.0,0.0,0.0,-0.39269908169872414
19.901,0.0,0.0,0.0,0.0,0.0,-0.39269908169872414
19.922,0.0,0.0,0.0,0.0,0.0,-0.39269908169872414
19.942,0.0,0.0,0.0,0.0,0.0,-0.39269908169872414
19.962,0.0,0.0,0.0,0.0,0.0,-0.39269908169872414
19.981,0.0,0.0,0.0,0.0,0.0,-0.39269908169872414
20.001,0.0,0.0,0.0,0.0,0.0,-0.39269908169872414
20.021,0.0,0.0,0.0,0.0,0.0,-0.39269908169872414
20.041,0.0,0.0,0.0,0.0,0.0,-0.39269908169872414
20.061,0.0,0.0,0.0,0.0,0.0,-0.39269908169872414
20.081,0.0,0.0,0.0,0.0,0.0,-0.39269908169872414
20.101,0.0,0.0,0.0,0.0,0.0,-0.39269908169872414
20.121,0.0,0.0,0.0,0.0,0.0,-0.39269908169872414
20.142,0.0,0.0,0.0,0.0,0.0,-0.39269908169872414
20.161,0.0,0.0,0.0,0.0,0.0,-0.39269908169872414
20.181,0.0,0.0,0.0,0.0,0.0,-0.39269908169872414
20.201,0.0,0.0,0.0,0.0,0.0,-0.39269908169872414
20.221,0.0,0.0,0.0,0.0,0.0,-0.39269908169872414
20.242,0.0,0.0,0.0,0.0,0.0,-0.39269908169872414
20.261,0.0,0.0,0.0,0.0,0.0,-0.39269908169872414
20.281,0.0,0.0,0.0,0.0,0.0,-0.39269908169872414
20.3,0.0,0.0,0.0,0.0,0.0,-0.39269908169872414
20.321,0.0,0.0,0.0,0.0,0.0,-0.39269908169872414
20.341,0.0,0.0,0.0,0.0,0.0,-0.39269908169872414
20.362,0.0,0.0,0.0,0.0,0.0,-0.39269908169872414
20.384,0.0,0.0,0.0,0.0,0.0,-0.39269908169872414
20.402,0.0,0.0,0.0,0.0,0.0,-0.39269908169872414
20.421,0.0,0.0,0.0,0.0,0.0,-0.39269908169872414
20.442,0.0,0.0,0.0,0.0,0.0,-0.39269908169872414
20.461,0.0,0.0,0.0,0.0,0.0,-0.39269908169872414
20.481,0.0,0.0,0.0,0.0,0.0,-0.39269908169872414
20.502,0.0,0.0,0.0,0.0,0.0,-0.39269908169872414
20.521,0.0,0.0,0.0,0.0,0.0,-0.39269908169872414
20.541,0.0,0.0,0.0,0.0,0.0,-0.39269908169872414
20.561,0.0,0.0,0.0,0.0,0.0,-0.39269908169872414
20.582,0.0,0.0,0.0,0.0,0.0,-0.39269908169872414
20.601,0.0,0.0,0.0,0.0,0.0,-0.39269908169872414
20.62,0.0,0.0,0.0,0.0,0.0,-0.39269908169872414
20.641,0.0,0.0,0.0,0.0,0.0,-0.39269908169872414
20.661,0.0,0.0,0.0,0.0,0.0,-0.39269908169872414
20.681,0.0,0.0,0.0,0.0,0.0,-0.39269908169872414
20.701,0.0,0.0,0.0,0.0,0.0,-0.39269908169872414
20.721,0.0,0.0,0.0,0.0,0.0,-0.39269908169872414
20.741,0.0,0.0,0.0,0.0,0.0,-0.39269908169872414
20.761,0.0,0.0,0.0,0.0,0.0,-0.39269908169872414
20.781,0.0,0.0,0.0,0.0,0.0,-0.39269908169872414
20.802,0.0,0.0,0.0,0.0,0.0,-0.39269908169872414
20.821,0.0,0.0,0.0,0.0,0.0,-0.39269908169872414
20.841,0.0,0.0,0.0,0.0,0.0,-0.39269908169872414
20.862000000000002,0.0,0.0,0.0,0.0,0.0,-0.39269908169872414
20.881,0.0,0.0,0.0,0.0,0.0,-0.39269908169872414
20.903,0.0,0.0,0.0,0.0,0.0,-0.39269908169872414
20.92,0.0,0.0,0.0,0.0,0.0,-0.39269908169872414
20.944,0.0,0.0,0.0,0.0,0.0,-0.39269908169872414
20.961,0.0,0.0,0.0,0.0,0.0,-0.39269908169872414
20.981,0.0,0.0,0.0,0.0,0.0,-0.39269908169872414
21.001,0.0,0.0,0.0,0.0,0.0,-0.39269908169872414
21.021,0.0,0.0,0.0,0.0,0.0,-0.39269908169872414
21.041,0.0,0.0,0.0,0.0,0.0,-0.39269908169872414
21.061,0.0,0.0,0.0,0.0,0.0,-0.39269908169872414
21.081,0.0,0.0,0.0,0.0,0.0,-0.39269908169872414
21.101,0.0,0.0,0.0,0.0,0.0,-0.39269908169872414
21.121,0.0,0.0,0.0,0.0,0.0,-0.39269908169872414
21.141,0.0,0.0,0.0,0.0,0.0,-0.39269908169872414
21.161,0.0,0.0,0.0,0.0,0.0,-0.39269908169872414
21.181,0.0,0.0,0.0,0.0,0.0,-0.39269908169872414
21.201,0.0,0.0,0.0,0.0,0.0,-0.39269908169872414
21.221,0.0,0.0,0.0,0.0,0.0,-0.39269908169872414
21.241,0.0,0.0,0.0,0.0,0.0,-0.39269908169872414
21.261,0.0,0.0,0.0,0.0,0.0,-0.39269908169872414
21.283,0.0,0.0,0.0,0.0,0.0,-0.39269908169872414
21.301,0.0,0.0,0.0,0.0,0.0,-0.39269908169872414
21.322,0.0,0.0,0.0,0.0,0.0,-0.39269908169872414
21.343,0.0,0.0,0.0,0.0,0.0,-0.39269908169872414
21.363,0.0,0.0,0.0,0.0,0.0,-0.39269908169872414
21.382,0.0,0.0,0.0,0.0,0.0,-0.39269908169872414
21.403,0.0,0.0,0.0,0.0,0.0,-0.39269908169872414
21.421,0.0,0.0,0.0,0.0,0.0,-0.39269908169872414
21.441,0.0,0.0,0.0,0.0,0.0,-0.39269908169872414
21.462,0.0,0.0,0.0,0.0,0.0,-0.39269908169872414
21.481,0.0,0.0,0.0,0.0,0.0,-0.39269908169872414
21.501,0.0,0.0,0.0,0.0,0.0,-0.39269908169872414
21.523,0.0,0.0,0.0,0.0,0.0,-0.39269908169872414
21.541,0.0,0.0,0.0,0.0,0.0,-0.39269908169872414
21.561,0.0,0.0,0.0,0.0,0.0,-0.39269908169872414
21.581,0.0,0.0,0.0,0.0,0.0,-0.39269908169872414
21.602,0.0,0.0,0.0,0.0,0.0,-0.39269908169872414
21.621,0.0,0.0,0.0,0.0,0.0,-0.39269908169872414
21.641,0.0,0.0,0.0,0.0,0.0,-0.39269908169872414
21.661,0.0,0.0,0.0,0.0,0.0,-0.39269908169872414
21.682,0.0,0.0,0.0,0.0,0.0,-0.39269908169872414
21.701,0.0,0.0,0.0,0.0,0.0,-0.39269908169872414
21.721,0.0,0.0,0.0,0.0,0.0,-0.39269908169872414
21.741,0.0,0.0,0.0,0.0,0.0,-0.39269908169872414
21.761,0.0,0.0,0.0,0.0,0.0,-0.39269908169872414
21.782,0.0,0.0,0.0,0.0,0.0,-0.39269908169872414
21.801,0.0,0.0,0.0,0.0,0.0,-0.39269908169872414
21.821,0.0,0.0,0.0,0.0,0.0,-0.39269908169872414
21.841,0.0,0.0,0.0,0.0,0.0,-0.39269908169872414
21.862000000000002,0.0,0.0,0.0,0.0,0.0,-0.39269908169872414
21.883,0.0,0.0,0.0,0.0,0.0,-0.39269908169872414
21.901,0.0,0.0,0.0,0.0,0.0,-0.39269908169872414
21.921,0.0,0.0,0.0,0.0,0.0,-0.39269908169872414
21.944,0.0,0.0,0.0,0.0,0.0,-0.39269908169872414
21.961,0.0,0.0,0.0,0.0,0.0,-0.39269908169872414
21.981,0.0,0.0,0.0,0.0,0.0,-0.39269908169872414
22.0,0.0,0.0,0.0,0.0,0.0,-0.39269908169872414
22.022,0.0,0.0,0.0,0.0,0.0,-0.39269908169872414
22.041,0.0,0.0,0.0,0.0,0.0,-0.39269908169872414
22.061,0.0,0.0,0.0,0.0,0.0,-0.39269908169872414
22.083,0.0,0.0,0.0,0.0,0.0,-0.39269908169872414
22.101,0.0,0.0,0.0,0.0,0.0,-0.39269908169872414
22.121,0.0,0.0,0.0,0.0,0.0,-0.39269908169872414
22.141,0.0,0.0,0.0,0.0,0.0,-0.39269908169872414
22.162,0.009999999776482582,0.0,0.0,0.0,0.0,0.0
22.181,0.019999999552965164,0.0,0.0,0.0,0.0,0.0
22.202,0.029999999329447746,0.0,0.0,0.0,0.0,0.0
22.221,0.03999999910593033,0.0,0.0,0.0,0.0,0.0
22.242,0.04999999701976776,0.0,0.0,0.0,0.0,0.0
22.261,0.059999994933605194,0.0,0.0,0.0,0.0,0.0
22.281,0.06999999284744263,0.0,0.0,0.0,0.0,0.0
22.301,0.07999999076128006,0.0,0.0,0.0,0.0,0.0
22.322,0.08999998867511749,0.0,0.0,0.0,0.0,0.0
22.341,0.09999998658895493,0.0,0.0,0.0,0.0,0.0
22.362,0.10999998450279236,0.0,0.0,0.0,0.0,0.0
22.382,0.11999998241662979,0.0,0.0,0.0,0.0,0.0
22.401,0.12999998033046722,0.0,0.0,0.0,0.0,0.0
22.421,0.13999998569488525,0.0,0.0,0.0,0.0,0.0
22.442,0.14999999105930328,0.0,0.0,0.0,0.0,0.0
22.461,0.1599999964237213,0.0,0.0,0.0,0.0,0.0
22.481,0.17000000178813934,0.0,0.0,0.0,0.0,0.0
22.501,0.18000000715255737,0.0,0.0,0.0,0.0,0.0
22.522,0.1900000125169754,0.0,0.0,0.0,0.0,0.0
22.542,0.20000001788139343,0.0,0.0,0.0,0.0,0.0
22.561,0.21000002324581146,0.0,0.0,0.0,0.0,0.0
22.582,0.2200000286102295,0.0,0.0,0.0,0.0,0.0
22.601,0.23000003397464752,0.0,0.0,0.0,0.0,0.0
22.621,0.24000003933906555,0.0,0.0,0.0,0.0,0.0
22.641,0.2500000298023224,0.0,0.0,0.0,0.0,0.0
22.661,0.2600000202655792,0.0,0.0,0.0,0.0,0.0
22.681,0.27000001072883606,0.0,0.0,0.0,0.0,0.0
22.701,0.2800000011920929,0.0,0.0,0.0,0.0,0.0
22.721,0.28999999165534973,0.0,0.0,0.0,0.0,0.0
22.741,0.29999998211860657,0.0,0.0,0.0,0.0,0.0
22.761,0.3099999725818634,0.0,0.0,0.0,0.0,0.0
22.782,0.31999996304512024,0.0,0.0,0.0,0.0,0.0
22.801,0.3299999535083771,0.0,0.0,0.0,0.0,0.0
22.821,0.3399999439716339,0.0,0.0,0.0,0.0,0.0
22.842,0.34999993443489075,0.0,0.0,0.0,0.0,0.0
22.864,0.3599999248981476,0.0,0.0,0.0,0.0,0.0
22.881,0.3699999153614044,0.0,0.0,0.0,0.0,0.0
22.901,0.37999990582466125,0.0,0.0,0.0,0.0,0.0
22.921,0.3899998962879181,0.0,0.0,0.0,0.0,0.0
22.942,0.3999998867511749,0.0,0.0,0.0,0.0,0.0
22.961,0.40999987721443176,0.0,0.0,0.0,0.0,0.0
22.982,0.4199998676776886,0.0,0.0,0.0,0.0,0.0
23.001,0.42999985814094543,0.0,0.0,0.0,0.0,0.0
23.021,0.43999984860420227,0.0,0.0,0.0,0.0,0.0
23.041,0.4499998390674591,0.0,0.0,0.0,0.0,0.0
23.062,0.45999982953071594,0.0,0.0,0.0,0.0,0.0
23.081,0.4699998199939728,0.0,0.0,0.0,0.0,0.0
23.101,0.4799998104572296,0.0,0.0,0.0,0.0,0.0
23.122,0.48999980092048645,0.0,0.0,0.0,0.0,0.0
23.141,0.4999997913837433,0.0,0.0,0.0,0.0,0.0
23.161,0.5099998116493225,0.0,0.0,0.0,0.0,0.0
23.181,0.5199998021125793,0.0,0.0,0.0,0.0,0.0
23.201,0.5299997925758362,0.0,0.0,0.0,0.0,0.0
23.222,0.539999783039093,0.0,0.0,0.0,0.0,0.0
23.244,0.5499997735023499,0.0,0.0,0.0,0.0,0.0
23.261,0.5599997639656067,0.0,0.0,0.0,0.0,0.0
23.281,0.5699997544288635,0.0,0.0,0.0,0.0,0.0
23.303,0.5799997448921204,0.0,0.0,0.0,0.0,0.0
23.323,0.5899997353553772,0.0,0.0,0.0,0.0,0.0
23.341,0.599999725818634,0.0,0.0,0.0,0.0,0.0
23.361,0.6099997162818909,0.0,0.0,0.0,0.0,0.0
23.381,0.6199997067451477,0.0,0.0,0.0,0.0,0.0
23.401,0.6299996972084045,0.0,0.0,0.0,0.0,0.0
23.422,0.6399996876716614,0.0,0.0,0.0,0.0,0.0
23.441,0.6499996781349182,0.0,0.0,0.0,0.0,0.0
23.461,0.659999668598175,0.0,0.0,0.0,0.0,0.0
23.482,0.6699996590614319,0.0,0.0,0.0,0.0,0.0
23.501,0.6799996495246887,0.0,0.0,0.0,0.0,0.0
23.523,0.6899996399879456,0.0,0.0,0.0,0.0,0.0
23.541,0.6999996304512024,0.0,0.0,0.0,0.0,0.0
23.561,0.7099996209144592,0.0,0.0,0.0,0.0,0.0
23.581,0.7199996113777161,0.0,0.0,0.0,0.0,0.0
23.6,0.7299996018409729,0.0,0.0,0.0,0.0,0.0
23.621,0.7399995923042297,0.0,0.0,0.0,0.0,0.0
23.641,0.7499995827674866,0.0,0.0,0.0,0.0,0.0
23.662,0.7599995732307434,0.0,0.0,0.0,0.0,0.0
23.682,0.7699995636940002,0.0,0.0,0.0,0.0,0.0
23.703,0.7799995541572571,0.0,0.0,0.0,0.0,0.0
23.723,0.7899995446205139,0.0,0.0,0.0,0.0,0.0
23.741,0.7999995350837708,0.0,0.0,0.0,0.0,0.0
23.764,0.8099995255470276,0.0,0.0,0.0,0.0,0.0
23.781,0.8199995160102844,0.0,0.0,0.0,0.0,0.0
23.801,0.8299995064735413,0.0,0.0,0.0,0.0,0.0
23.819,0.8399994969367981,0.0,0.0,0.0,0.0,0.0
23.84,0.8499994874000549,0.0,0.0,0.0,0.0,0.0
23.861,0.8599994778633118,0.0,0.0,0.0,0.0,0.0
23.881,0.8699994683265686,0.0,0.0,0.0,0.0,0.0
23.902,0.8799994587898254,0.0,0.0,0.0,0.0,0.0
23.923000000000002,0.8899994492530823,0.0,0.0,0.0,0.0,0.0
23.941,0.8999994397163391,0.0,0.0,0.0,0.0,0.0
23.961,0.909999430179596,0.0,0.0,0.0,0.0,0.0
23.981,0.9199994206428528,0.0,0.0,0.0,0.0,0.0
24.001,0.9299994111061096,0.0,0.0,0.0,0.0,0.0
24.021,0.9399994015693665,0.0,0.0,0.0,0.0,0.0
24.042,0.9499993920326233,0.0,0.0,0.0,0.0,0.0
24.061,0.9599993824958801,0.0,0.0,0.0,0.0,0.0
24.081,0.969999372959137,0.0,0.0,0.0,0.0,0.0
24.101,0.9799993634223938,0.0,0.0,0.0,0.0,0.0
24.121,0.9899993538856506,0.0,0.0,0.0,0.0,0.0
24.142,0.9999993443489075,0.0,0.0,0.0,0.0,0.0
24.161,1.0,0.0,0.0,0.0,0.0,0.0
24.181,1.0,0.0,0.0,0.0,0.0,0.0
24.201,1.0,0.0,0.0,0.0,0.0,0.0
24.221,1.0,0.0,0.0,0.0,0.0,0.0
24.238,1.0,0.0,0.0,0.0,0.0,0.0
24.264,1.0,0.0,0.0,0.0,0.0,0.0
24.281,1.0,0.0,0.0,0.0,0.0,0.0
24.301,1.0,0.0,0.0,0.0,0.0,0.0
24.321,1.0,0.0,0.0,0.0,0.0,0.0
24.341,1.0,0.0,0.0,0.0,0.0,0.0
24.361,1.0,0.0,0.0,0.0,0.0,0.0
24.381,1.0,0.0,0.0,0.0,0.0,0.0
24.401,1.0,0.0,0.0,0.0,0.0,0.0
24.421,1.0,0.0,0.0,0.0,0.0,0.0
24.441,1.0,0.0,0.0,0.0,0.0,0.0
24.462,1.0,0.0,0.0,0.0,0.0,0.0
24.483,1.0,0.0,0.0,0.0,0.0,0.0
24.501,1.0,0.0,0.0,0.0,0.0,0.0
24.521,1.0,0.0,0.0,0.0,0.0,0.0
24.542,1.0,0.0,0.0,0.0,0.0,0.0
24.561,1.0,0.0,0.0,0.0,0.0,0.0
24.581,1.0,0.0,0.0,0.0,0.0,0.0
24.601,1.0,0.0,0.0,0.0,0.0,0.0
24.622,1.0,0.0,0.0,0.0,0.0,0.0
24.641,1.0,0.0,0.0,0.0,0.0,0.0
24.661,1.0,0.0,0.0,0.0,0.0,0.0
24.681,1.0,0.0,0.0,0.0,0.0,0.0
24.698,1.0,0.0,0.0,0.0,0.0,0.0
24.721,1.0,0.0,0.0,0.0,0.0,0.0
24.742,1.0,0.0,0.0,0.0,0.0,0.0
24.761,1.0,0.0,0.0,0.0,0.0,0.0
24.781,1.0,0.0,0.0,0.0,0.0,0.0
24.802,1.0,0.0,0.0,0.0,0.0,0.0
24.821,1.0,0.0,0.0,0.0,0.0,0.0
24.842,1.0,0.0,0.0,0.0,0.0,0.0
24.861,1.0,0.0,0.0,0.0,0.0,0.0
24.881,1.0,0.0,0.0,0.0,0.0,0.0
24.901,1.0,0.0,0.0,0.0,0.0,0.0
24.921,1.0,0.0,0.0,0.0,0.0,0.0
24.941,1.0,0.0,0.0,0.0,0.0,0.0
24.961,1.0,0.0,0.0,0.0,0.0,0.0
24.982,1.0,0.0,0.0,0.0,0.0,0.0
25.001,1.0,0.0,0.0,0.0,0.0,0.0
25.02,1.0,0.0,0.0,0.0,0.0,0.0
25.041,1.0,0.0,0.0,0.0,0.0,0.0
25.062,1.0,0.0,0.0,0.0,0.0,0.0
25.079,1.0,0.0,0.0,0.0,0.0,0.0
25.1,1.0,0.0,0.0,0.0,0.0,0.0
25.121,1.0,0.0,0.0,0.0,0.0,0.0
25.141,1.0,0.0,0.0,0.0,0.0,0.0
25.162,1.0,0.0,0.0,0.0,0.0,0.0
25.179,1.0,0.0,0.0,0.0,0.0,0.0
25.201,1.0,0.0,0.0,0.0,0.0,0.0
25.22,1.0,0.0,0.0,0.0,0.0,0.0
25.242,1.0,0.0,0.0,0.0,0.0,0.0
25.261,1.0,0.0,0.0,0.0,0.0,0.0
25.281,1.0,0.0,0.0,0.0,0.0,0.0
25.301,1.0,0.0,0.0,0.0,0.0,0.0
25.321,1.0,0.0,0.0,0.0,0.0,0.0
25.341,1.0,0.0,0.0,0.0,0.0,0.0
25.361,1.0,0.0,0.0,0.0,0.0,0.0
25.383,1.0,0.0,0.0,0.0,0.0,0.0
25.402,1.0,0.0,0.0,0.0,0.0,0.0
25.422,1.0,0.0,0.0,0.0,0.0,0.0
25.441,1.0,0.0,0.0,0.0,0.0,0.0
25.461,1.0,0.0,0.0,0.0,0.0,0.0
25.481,1.0,0.0,0.0,0.0,0.0,0.0
25.5,1.0,0.0,0.0,0.0,0.0,0.0
25.522,1.0,0.0,0.0,0.0,0.0,0.0
25.541,1.0,0.0,0.0,0.0,0.0,0.0
25.562,1.0,0.0,0.0,0.0,0.0,0.0
25.581,1.0,0.0,0.0,0.0,0.0,0.0
25.601,1.0,0.0,0.0,0.0,0.0,0.0
25.621,1.0,0.0,0.0,0.0,0.0,0.0
25.641,1.0,0.0,0.0,0.0,0.0,0.0
25.661,1.0,0.0,0.0,0.0,0.0,0.0
25.681,1.0,0.0,0.0,0.0,0.0,0.0
25.701,1.0,0.0,0.0,0.0,0.0,0.0
25.721,1.0,0.0,0.0,0.0,0.0,0.0
25.741,1.0,0.0,0.0,0.0,0.0,0.0
25.761,1.0,0.0,0.0,0.0,0.0,0.0
25.781,1.0,0.0,0.0,0.0,0.0,0.0
25.801,1.0,0.0,0.0,0.0,0.0,0.0
25.821,1.0,0.0,0.0,0.0,0.0,0.0
25.841,1.0,0.0,0.0,0.0,0.0,0.0
25.861,1.0,0.0,0.0,0.0,0.0,0.0
25.881,1.0,0.0,0.0,0.0,0.0,0.0
25.901,1.0,0.0,0.0,0.0,0.0,0.0
25.921,1.0,0.0,0.0,0.0,0.0,0.0
25.939,1.0,0.0,0.0,0.0,0.0,0.0
25.961,1.0,0.0,0.0,0.0,0.0,0.0
25.983,1.0,0.0,0.0,0.0,0.0,0.0
26.002,1.0,0.0,0.0,0.0,0.0,0.0
26.022,1.0,0.0,0.0,0.0,0.0,0.0
26.041,1.0,0.0,0.0,0.0,0.0,0.0
26.061,1.0,0.0,0.0,0.0,0.0,0.0
26.081,1.0,0.0,0.0,0.0,0.0,0.0
26.102,1.0,0.0,0.0,0.0,0.0,0.0
26.121,1.0,0.0,0.0,0.0,0.0,0.0
26.141,1.0,0.0,0.0,0.0,0.0,0.0
26.161,1.0,0.0,0.0,0.0,0.0,0.0
26.181,1.0,0.0,0.0,0.0,0.0,0.0
26.201,1.0,0.0,0.0,0.0,0.0,0.0
26.221,1.0,0.0,0.0,0.0,0.0,0.0
26.24,1.0,0.0,0.0,0.0,0.0,0.0
26.261,1.0,0.0,0.0,0.0,0.0,0.0
26.281,1.0,0.0,0.0,0.0,0.0,0.0
26.301,1.0,0.0,0.0,0.0,0.0,0.0
26.323,1.0,0.0,0.0,0.0,0.0,0.0
26.341,1.0,0.0,0.0,0.0,0.0,0.0
26.364,1.0,0.0,0.0,0.0,0.0,0.0
26.381,1.0,0.0,0.0,0.0,0.0,0.0
26.406,1.0,0.0,0.0,0.0,0.0,0.0
26.421,1.0,0.0,0.0,0.0,0.0,0.0
26.441,1.0,0.0,0.0,0.0,0.0,0.0
26.461,1.0,0.0,0.0,0.0,0.0,0.0
26.481,1.0,0.0,0.0,0.0,0.0,0.0
26.502,1.0,0.0,0.0,0.0,0.0,0.0
26.521,1.0,0.0,0.0,0.0,0.0,0.0
26.541,1.0,0.0,0.0,0.0,0.0,0.0
26.561,1.0,0.0,0.0,0.0,0.0,0.0
26.576,1.0,0.0,0.0,0.0,0.0,0.0
26.601,1.0,0.0,0.0,0.0,0.0,0.0
26.621,1.0,0.0,0.0,0.0,0.0,0.0
26.641,1.0,0.0,0.0,0.0,0.0,0.0
26.661,1.0,0.0,0.0,0.0,0.0,0.0
26.681,1.0,0.0,0.0,0.0,0.0,0.0
26.7,1.0,0.0,0.0,0.0,0.0,0.0
26.723,1.0,0.0,0.0,0.0,0.0,0.0
26.741,1.0,0.0,0.0,0.0,0.0,0.0
26.762,1.0,0.0,0.0,0.0,0.0,0.0
26.782,1.0,0.0,0.0,0.0,0.0,0.0
26.801,1.0,0.0,0.0,0.0,0.0,0.0
26.823,1.0,0.0,0.0,0.0,0.0,0.0
26.841,1.0,0.0,0.0,0.0,0.0,0.0
26.861,1.0,0.0,0.0,0.0,0.0,0.0
26.882,1.0,0.0,0.0,0.0,0.0,0.0
26.901,1.0,0.0,0.0,0.0,0.0,0.0
26.923000000000002,1.0,0.0,0.0,0.0,0.0,0.0
26.941,1.0,0.0,0.0,0.0,0.0,0.0
26.961,1.0,0.0,0.0,0.0,0.0,0.0
26.981,1.0,0.0,0.0,0.0,0.0,0.0
27.001,1.0,0.0,0.0,0.0,0.0,0.0
27.021,1.0,0.0,0.0,0.0,0.0,0.0
27.041,1.0,0.0,0.0,0.0,0.0,0.0
27.062,1.0,0.0,0.0,0.0,0.0,0.0
27.081,1.0,0.0,0.0,0.0,0.0,0.0
27.101,1.0,0.0,0.0,0.0,0.0,0.0
27.122,1.0,0.0,0.0,0.0,0.0,0.0
27.142,1.0,0.0,0.0,0.0,0.0,0.0
27.163,1.0,0.0,0.0,0.0,0.0,0.0
27.181,0.9899893403053284,0.0,0.0,0.0,0.0,0.0
27.2,0.9799793362617493,0.0,0.0,0.0,0.0,0.0
27.221,0.9699693322181702,0.0,0.0,0.0,0.0,0.0
27.242,0.9599593281745911,0.0,0.0,0.0,0.0,0.0
27.261,0.949949324131012,0.0,0.0,0.0,0.0,0.0
27.281,0.9399393200874329,0.0,0.0,0.0,0.0,0.0
27.302,0.9299293160438538,0.0,0.0,0.0,0.0,0.0
27.321,0.9199193120002747,0.0,0.0,0.0,0.0,0.0
27.341,0.9099093079566956,0.0,0.0,0.0,0.0,0.0
27.361,0.8998993039131165,0.0,0.0,0.0,0.0,0.0
27.381,0.8898892998695374,0.0,0.0,0.0,0.0,0.0
27.401,0.8798792958259583,0.0,0.0,0.0,0.0,0.0
27.421,0.8698692917823792,0.0,0.0,0.0,0.0,0.0
27.441,0.8598592877388,0.0,0.0,0.0,0.0,0.0
27.461,0.849849283695221,0.0,0.0,0.0,0.0,0.0
27.481,0.8398392796516418,0.0,0.0,0.0,0.0,0.0
27.501,0.8298292756080627,0.0,0.0,0.0,0.0,0.0
27.521,0.8198192715644836,0.0,0.0,0.0,0.0,0.0
27.541,0.8098092675209045,0.0,0.0,0.0,0.0,0.0
27.562,0.7997992634773254,0.0,0.0,0.0,0.0,0.0
27.581,0.7897892594337463,0.0,0.0,0.0,0.0,0.0
27.6,0.7797792553901672,0.0,0.0,0.0,0.0,0.0
27.622,0.7697692513465881,0.0,0.0,0.0,0.0,0.0
27.641,0.759759247303009,0.0,0.0,0.0,0.0,0.0
27.661,0.7497492432594299,0.0,0.0,0.0,0.0,0.0
27.681,0.7397392392158508,0.0,0.0,0.0,0.0,0.0
27.702,0.7297292351722717,0.0,0.0,0.0,0.0,0.0
27.721,0.7197192311286926,0.0,0.0,0.0,0.0,0.0
27.741,0.7097092270851135,0.0,0.0,0.0,0.0,0.0
27.761,0.6996992230415344,0.0,0.0,0.0,0.0,0.0
27.782,0.6896892189979553,0.0,0.0,0.0,0.0,0.0
27.801,0.6796792149543762,0.0,0.0,0.0,0.0,0.0
27.822,0.6696692109107971,0.0,0.0,0.0,0.0,0.0
27.841,0.659659206867218,0.0,0.0,0.0,0.0,0.0
27.861,0.6496492028236389,0.0,0.0,0.0,0.0,0.0
27.88,0.6396391987800598,0.0,0.0,0.0,0.0,0.0
27.901,0.6296291947364807,0.0,0.0,0.0,0.0,0.0
27.921,0.6196191906929016,0.0,0.0,0.0,0.0,0.0
27.942,0.6096091866493225,0.0,0.0,0.0,0.0,0.0
27.961,0.5995991826057434,0.0,0.0,0.0,0.0,0.0
27.981,0.5895891785621643,0.0,0.0,0.0,0.0,0.0
28.002,0.5795791745185852,0.0,0.0,0.0,0.0,0.0
28.021,0.5695691704750061,0.0,0.0,0.0,0.0,0.0
28.041,0.559559166431427,0.0,0.0,0.0,0.0,0.0
28.061,0.5495491623878479,0.0,0.0,0.0,0.0,0.0
28.083,0.5395391583442688,0.0,0.0,0.0,0.0,0.0
28.101,0.5295291543006897,0.0,0.0,0.0,0.0,0.0
28.121,0.5195191502571106,0.0,0.0,0.0,0.0,0.0
28.141,0.5095091462135315,0.0,0.0,0.0,0.0,0.0
28.161,0.4994991421699524,0.0,0.0,0.0,0.0,0.0
28.181,0.4894891381263733,0.0,0.0,0.0,0.0,0.0
28.201,0.4794791340827942,0.0,0.0,0.0,0.0,0.0
28.223,0.4694691300392151,0.0,0.0,0.0,0.0,0.0
28.241,0.459459125995636,0.0,0.0,0.0,0.0,0.0
28.261,0.4494491219520569,0.0,0.0,0.0,0.0,0.0
28.281,0.4394391179084778,0.0,0.0,0.0,0.0,0.0
28.301,0.4294291138648987,0.0,0.0,0.0,0.0,0.0
28.322,0.4194191098213196,0.0,0.0,0.0,0.0,0.0
28.341,0.4094091057777405,0.0,0.0,0.0,0.0,0.0
28.361,0.3993991017341614,0.0,0.0,0.0,0.0,0.0
28.381,0.3893890976905823,0.0,0.0,0.0,0.0,0.0
28.402,0.3793790936470032,0.0,0.0,0.0,0.0,0.0
28.421,0.3693690896034241,0.0,0.0,0.0,0.0,0.0
28.438,0.35935908555984497,0.0,0.0,0.0,0.0,0.0
28.461,0.34934908151626587,0.0,0.0,0.0,0.0,0.0
28.481,0.33933907747268677,0.0,0.0,0.0,0.0,0.0
28.502,0.32932907342910767,0.0,0.0,0.0,0.0,0.0
28.521,0.31931906938552856,0.0,0.0,0.0,0.0,0.0
28.542,0.30930906534194946,0.0,0.0,0.0,0.0,0.0
28.561,0.29929906129837036,0.0,0.0,0.0,0.0,0.0
28.582,0.28928905725479126,0.0,0.0,0.0,0.0,0.0
28.602,0.27927905321121216,0.0,0.0,0.0,0.0,0.0
28.621,0.26926904916763306,0.0,0.0,0.0,0.0,0.0
28.641,0.25925904512405396,0.0,0.0,0.0,0.0,0.0
28.661,0.24924904108047485,0.0,0.0,0.0,0.0,0.0
28.681,0.23923903703689575,0.0,0.0,0.0,0.0,0.0
28.702,0.22922903299331665,0.0,0.0,0.0,0.0,0.0
28.722,0.21921902894973755,0.0,0.0,0.0,0.0,0.0
28.741,0.20920902490615845,0.0,0.0,0.0,0.0,0.0
28.758,0.19919902086257935,0.0,0.0,0.0,0.0,0.0
28.781,0.18918901681900024,0.0,0.0,0.0,0.0,0.0
28.801,0.17917901277542114,0.0,0.0,0.0,0.0,0.0
28.821,0.16916900873184204,0.0,0.0,0.0,0.0,0.0
28.841,0.15915900468826294,0.0,0.0,0.0,0.0,0.0
28.862000000000002,0.14914900064468384,0.0,0.0,0.0,0.0,0.0
28.882,0.13913899660110474,0.0,0.0,0.0,0.0,0.0
28.901,0.12912899255752563,0.0,0.0,0.0,0.0,0.0
28.921,0.11911899596452713,0.0,0.0,0.0,0.0,0.0
28.941,0.10910899937152863,0.0,0.0,0.0,0.0,0.0
28.962,0.09909900277853012,0.0,0.0,0.0,0.0,0.0
28.981,0.08908900618553162,0.0,0.0,0.0,0.0,0.0
29.002,0.07907900959253311,0.0,0.0,0.0,0.0,0.0
29.021,0.0690690129995346,0.0,0.0,0.0,0.0,0.0
29.041,0.059059012681245804,0.0,0.0,0.0,0.0,0.0
29.061,0.049049012362957,0.0,0.0,0.0,0.0,0.0
29.082,0.0390390120446682,0.0,0.0,0.0,0.0,0.0
29.101,0.029029011726379395,0.0,0.0,0.0,0.0,0.0
29.121,0.01901901140809059,0.0,0.0,0.0,0.0,0.0
29.141,0.009009012021124363,0.0,0.0,0.0,0.0,0.0
29.161,0.0,0.0,0.0,0.0,0.0,-0.39269908169872414
29.179,0.0,0.0,0.0,0.0,0.0,-0.39269908169872414
29.202,0.0,0.0,0.0,0.0,0.0,-0.39269908169872414
29.221,0.0,0.0,0.0,0.0,0.0,-0.39269908169872414
29.241,0.0,0.0,0.0,0.0,0.0,-0.39269908169872414
29.261,0.0,0.0,0.0,0.0,0.0,-0.39269908169872414
29.281,0.0,0.0,0.0,0.0,0.0,-0.39269908169872414
29.301,0.0,0.0,0.0,0.0,0.0,-0.39269908169872414
29.314,0.0,0.0,0.0,0.0,0.0,-0.39269908169872414
29.343,0.0,0.0,0.0,0.0,0.0,-0.39269908169872414
29.361,0.0,0.0,0.0,0.0,0.0,-0.39269908169872414
29.381,0.0,0.0,0.0,0.0,0.0,-0.39269908169872414
29.401,0.0,0.0,0.0,0.0,0.0,-0.39269908169872414
29.422,0.0,0.0,0.0,0.0,0.0,-0.39269908169872414
29.443,0.0,0.0,0.0,0.0,0.0,-0.39269908169872414
29.463,0.0,0.0,0.0,0.0,0.0,-0.39269908169872414
29.481,0.0,0.0,0.0,0.0,0.0,-0.39269908169872414
29.501,0.0,0.0,0.0,0.0,0.0,-0.39269908169872414
29.522,0.0,0.0,0.0,0.0,0.0,-0.39269908169872414
29.542,0.0,0.0,0.0,0.0,0.0,-0.39269908169872414
29.561,0.0,0.0,0.0,0.0,0.0,-0.39269908169872414
29.581,0.0,0.0,0.0,0.0,0.0,-0.39269908169872414
29.601,0.0,0.0,0.0,0.0,0.0,-0.39269908169872414
29.621,0.0,0.0,0.0,0.0,0.0,-0.39269908169872414
29.64,0.0,0.0,0.0,0.0,0.0,-0.39269908169872414
29.662,0.0,0.0,0.0,0.0,0.0,-0.39269908169872414
29.681,0.0,0.0,0.0,0.0,0.0,-0.39269908169872414
29.701,0.0,0.0,0.0,0.0,0.0,-0.39269908169872414
29.721,0.0,0.0,0.0,0.0,0.0,-0.39269908169872414
29.742,0.0,0.0,0.0,0.0,0.0,-0.39269908169872414
29.761,0.0,0.0,0.0,0.0,0.0,-0.39269908169872414
29.781,0.0,0.0,0.0,0.0,0.0,-0.39269908169872414
29.802,0.0,0.0,0.0,0.0,0.0,-0.39269908169872414
29.822,0.0,0.0,0.0,0.0,0.0,-0.39269908169872414
29.84,0.0,0.0,0.0,0.0,0.0,-0.39269908169872414
29.861,0.0,0.0,0.0,0.0,0.0,-0.39269908169872414
29.881,0.0,0.0,0.0,0.0,0.0,-0.39269908169872414
29.9,0.0,0.0,0.0,0.0,0.0,-0.39269908169872414
29.923000000000002,0.0,0.0,0.0,0.0,0.0,-0.39269908169872414
29.941,0.0,0.0,0.0,0.0,0.0,-0.39269908169872414
29.961,0.0,0.0,0.0,0.0,0.0,-0.39269908169872414
29.981,0.0,0.0,0.0,0.0,0.0,-0.39269908169872414
30.001,0.0,0.0,0.0,0.0,0.0,-0.39269908169872414
30.021,0.0,0.0,0.0,0.0,0.0,-0.39269908169872414
30.041,0.0,0.0,0.0,0.0,0.0,-0.39269908169872414
30.062,0.0,0.0,0.0,0.0,0.0,-0.39269908169872414
30.08,0.0,0.0,0.0,0.0,0.0,-0.39269908169872414
30.103,0.0,0.0,0.0,0.0,0.0,-0.39269908169872414
30.121,0.0,0.0,0.0,0.0,0.0,-0.39269908169872414
30.141,0.0,0.0,0.0,0.0,0.0,-0.39269908169872414
30.161,0.0,0.0,0.0,0.0,0.0,-0.39269908169872414
30.181,0.0,0.0,0.0,0.0,0.0,-0.39269908169872414
30.202,0.0,0.0,0.0,0.0,0.0,-0.39269908169872414
30.221,0.0,0.0,0.0,0.0,0.0,-0.39269908169872414
30.241,0.0,0.0,0.0,0.0,0.0,-0.39269908169872414
30.261,0.0,0.0,0.0,0.0,0.0,-0.39269908169872414
30.281,0.0,0.0,0.0,0.0,0.0,-0.39269908169872414
30.301,0.0,0.0,0.0,0.0,0.0,-0.39269908169872414
30.321,0.0,0.0,0.0,0.0,0.0,-0.39269908169872414
30.341,0.0,0.0,0.0,0.0,0.0,-0.39269908169872414
30.361,0.0,0.0,0.0,0.0,0.0,-0.39269908169872414
30.382,0.0,0.0,0.0,0.0,0.0,-0.39269908169872414
30.402,0.0,0.0,0.0,0.0,0.0,-0.39269908169872414
30.421,0.0,0.0,0.0,0.0,0.0,-0.39269908169872414
30.441,0.0,0.0,0.0,0.0,0.0,-0.39269908169872414
30.461,0.0,0.0,0.0,0.0,0.0,-0.39269908169872414
30.481,0.0,0.0,0.0,0.0,0.0,-0.39269908169872414
30.502,0.0,0.0,0.0,0.0,0.0,-0.39269908169872414
30.522,0.0,0.0,0.0,0.0,0.0,-0.39269908169872414
30.541,0.0,0.0,0.0,0.0,0.0,-0.39269908169872414
30.56,0.0,0.0,0.0,0.0,0.0,-0.39269908169872414
30.581,0.0,0.0,0.0,0.0,0.0,-0.39269908169872414
30.601,0.0,0.0,0.0,0.0,0.0,-0.39269908169872414
30.621,0.0,0.0,0.0,0.0,0.0,-0.39269908169872414
30.641,0.0,0.0,0.0,0.0,0.0,-0.39269908169872414
30.661,0.0,0.0,0.0,0.0,0.0,-0.39269908169872414
30.681,0.0,0.0,0.0,0.0,0.0,-0.39269908169872414
30.701,0.0,0.0,0.0,0.0,0.0,-0.39269908169872414
30.721,0.0,0.0,0.0,0.0,0.0,-0.39269908169872414
30.741,0.0,0.0,0.0,0.0,0.0,-0.39269908169872414
30.761,0.0,0.0,0.0,0.0,0.0,-0.39269908169872414
30.783,0.0,0.0,0.0,0.0,0.0,-0.39269908169872414
30.801,0.0,0.0,0.0,0.0,0.0,-0.39269908169872414
30.821,0.0,0.0,0.0,0.0,0.0,-0.39269908169872414
30.84,0.0,0.0,0.0,0.0,0.0,-0.39269908169872414
30.861,0.0,0.0,0.0,0.0,0.0,-0.39269908169872414
30.881,0.0,0.0,0.0,0.0,0.0,-0.39269908169872414
30.902,0.0,0.0,0.0,0.0,0.0,-0.39269908169872414
30.92,0.0,0.0,0.0,0.0,0.0,-0.39269908169872414
30.941,0.0,0.0,0.0,0.0,0.0,-0.39269908169872414
30.962,0.0,0.0,0.0,0.0,0.0,-0.39269908169872414
30.981,0.0,0.0,0.0,0.0,0.0,-0.39269908169872414
31.001,0.0,0.0,0.0,0.0,0.0,-0.39269908169872414
31.021,0.0,0.0,0.0,0.0,0.0,-0.39269908169872414
31.041,0.0,0.0,0.0,0.0,0.0,-0.39269908169872414
31.061,0.0,0.0,0.0,0.0,0.0,-0.39269908169872414
31.082,0.0,0.0,0.0,0.0,0.0,-0.39269908169872414
31.101,0.0,0.0,0.0,0.0,0.0,-0.39269908169872414
31.121,0.0,0.0,0.0,0.0,0.0,-0.39269908169872414
31.142,0.0,0.0,0.0,0.0,0.0,-0.39269908169872414
31.161,0.0,0.0,0.0,0.0,0.0,-0.39269908169872414
31.182,0.0,0.0,0.0,0.0,0.0,-0.39269908169872414
31.201,0.0,0.0,0.0,0.0,0.0,-0.39269908169872414
31.222,0.0,0.0,0.0,0.0,0.0,-0.39269908169872414
31.241,0.0,0.0,0.0,0.0,0.0,-0.39269908169872414
31.257,0.0,0.0,0.0,0.0,0.0,-0.39269908169872414
31.281,0.0,0.0,0.0,0.0,0.0,-0.39269908169872414
31.301,0.0,0.0,0.0,0.0,0.0,-0.39269908169872414
31.321,0.0,0.0,0.0,0.0,0.0,-0.39269908169872414
31.341,0.0,0.0,0.0,0.0,0.0,-0.39269908169872414
31.361,0.0,0.0,0.0,0.0,0.0,-0.39269908169872414
31.381,0.0,0.0,0.0,0.0,0.0,-0.39269908169872414
31.399,0.0,0.0,0.0,0.0,0.0,-0.39269908169872414
31.422,0.0,0.0,0.0,0.0,0.0,-0.39269908169872414
31.441,0.0,0.0,0.0,0.0,0.0,-0.39269908169872414
31.461,0.0,0.0,0.0,0.0,0.0,-0.39269908169872414
31.483,0.0,0.0,0.0,0.0,0.0,-0.39269908169872414
31.501,0.0,0.0,0.0,0.0,0.0,-0.39269908169872414
31.521,0.0,0.0,0.0,0.0,0.0,-0.39269908169872414
31.541,0.0,0.0,0.0,0.0,0.0,-0.39269908169872414
31.561,0.0,0.0,0.0,0.0,0.0,-0.39269908169872414
31.581,0.0,0.0,0.0,0.0,0.0,-0.39269908169872414
31.603,0.0,0.0,0.0,0.0,0.0,-0.39269908169872414
31.622,0.0,0.0,0.0,0.0,0.0,-0.39269908169872414
31.641,0.0,0.0,0.0,0.0,0.0,-0.39269908169872414
31.663,0.0,0.0,0.0,0.0,0.0,-0.39269908169872414
31.681,0.0,0.0,0.0,0.0,0.0,-0.39269908169872414
31.701,0.0,0.0,0.0,0.0,0.0,-0.39269908169872414
31.722,0.0,0.0,0.0,0.0,0.0,-0.39269908169872414
31.742,0.0,0.0,0.0,0.0,0.0,-0.39269908169872414
31.761,0.0,0.0,0.0,0.0,0.0,-0.39269908169872414
31.781,0.0,0.0,0.0,0.0,0.0,-0.39269908169872414
31.803,0.0,0.0,0.0,0.0,0.0,-0.39269908169872414
31.821,0.0,0.0,0.0,0.0,0.0,-0.39269908169872414
31.841,0.0,0.0,0.0,0.0,0.0,-0.39269908169872414
31.861,0.0,0.0,0.0,0.0,0.0,-0.39269908169872414
31.882,0.0,0.0,0.0,0.0,0.0,-0.39269908169872414
31.901,0.0,0.0,0.0,0.0,0.0,-0.39269908169872414
31.922,0.0,0.0,0.0,0.0,0.0,-0.39269908169872414
31.941,0.0,0.0,0.0,0.0,0.0,-0.39269908169872414
31.961,0.0,0.0,0.0,0.0,0.0,-0.39269908169872414
31.98,0.0,0.0,0.0,0.0,0.0,-0.39269908169872414
32.001,0.0,0.0,0.0,0.0,0.0,-0.39269908169872414
32.021,0.0,0.0,0.0,0.0,0.0,-0.39269908169872414
32.041,0.0,0.0,0.0,0.0,0.0,-0.39269908169872414
32.061,0.0,0.0,0.0,0.0,0.0,-0.39269908169872414
32.081,0.0,0.0,0.0,0.0,0.0,-0.39269908169872414
32.101,0.0,0.0,0.0,0.0,0.0,-0.39269908169872414
32.122,0.0,0.0,0.0,0.0,0.0,-0.39269908169872414
32.141,0.0,0.0,0.0,0.0,0.0,-0.39269908169872414
32.161,0.0,0.0,0.0,0.0,0.0,-0.39269908169872414
32.181,0.0,0.0,0.0,0.0,0.0,-0.39269908169872414
32.202,0.0,0.0,0.0,0.0,0.0,-0.39269908169872414
32.221,0.0,0.0,0.0,0.0,0.0,-0.39269908169872414
32.241,0.0,0.0,0.0,0.0,0.0,-0.39269908169872414
32.261,0.0,0.0,0.0,0.0,0.0,-0.39269908169872414
32.281,0.0,0.0,0.0,0.0,0.0,-0.39269908169872414
32.301,0.0,0.0,0.0,0.0,0.0,-0.39269908169872414
32.322,0.0,0.0,0.0,0.0,0.0,-0.39269908169872414
32.341,0.0,0.0,0.0,0.0,0.0,-0.39269908169872414
32.361,0.0,0.0,0.0,0.0,0.0,-0.39269908169872414
32.381,0.0,0.0,0.0,0.0,0.0,-0.39269908169872414
32.402,0.0,0.0,0.0,0.0,0.0,-0.39269908169872414
32.421,0.0,0.0,0.0,0.0,0.0,-0.39269908169872414
32.441,0.0,0.0,0.0,0.0,0.0,-0.39269908169872414
32.464,0.0,0.0,0.0,0.0,0.0,-0.39269908169872414
32.481,0.0,0.0,0.0,0.0,0.0,-0.39269908169872414
32.501,0.0,0.0,0.0,0.0,0.0,-0.39269908169872414
32.522,0.0,0.0,0.0,0.0,0.0,-0.39269908169872414
32.541,0.0,0.0,0.0,0.0,0.0,-0.39269908169872414
32.561,0.0,0.0,0.0,0.0,0.0,-0.39269908169872414
32.581,0.0,0.0,0.0,0.0,0.0,-0.39269908169872414
32.602,0.0,0.0,0.0,0.0,0.0,-0.39269908169872414
32.621,0.0,0.0,0.0,0.0,0.0,-0.39269908169872414
32.642,0.0,0.0,0.0,0.0,0.0,-0.39269908169872414
32.662,0.0,0.0,0.0,0.0,0.0,-0.39269908169872414
32.682,0.0,0.0,0.0,0.0,0.0,-0.39269908169872414
32.701,0.0,0.0,0.0,0.0,0.0,-0.39269908169872414
32.721000000000004,0.0,0.0,0.0,0.0,0.0,-0.39269908169872414
32.741,0.0,0.0,0.0,0.0,0.0,-0.39269908169872414
32.761,0.0,0.0,0.0,0.0,0.0,-0.39269908169872414
32.781,0.0,0.0,0.0,0.0,0.0,-0.39269908169872414
32.801,0.0,0.0,0.0,0.0,0.0,-0.39269908169872414
32.821,0.0,0.0,0.0,0.0,0.0,-0.39269908169872414
32.841,0.0,0.0,0.0,0.0,0.0,-0.39269908169872414
32.862,0.0,0.0,0.0,0.0,0.0,-0.39269908169872414
32.882,0.0,0.0,0.0,0.0,0.0,-0.39269908169872414
32.901,0.0,0.0,0.0,0.0,0.0,-0.39269908169872414
32.921,0.0,0.0,0.0,0.0,0.0,-0.39269908169872414
32.941,0.0,0.0,0.0,0.0,0.0,-0.39269908169872414
32.961,0.0,0.0,0.0,0.0,0.0,-0.39269908169872414
32.987,0.0,0.0,0.0,0.0,0.0,-0.39269908169872414
32.999,0.0,0.0,0.0,0.0,0.0,-0.39269908169872414
33.022,0.0,0.0,0.0,0.0,0.0,-0.39269908169872414
33.041,0.0,0.0,0.0,0.0,0.0,-0.39269908169872414
33.061,0.0,0.0,0.0,0.0,0.0,-0.39269908169872414
33.081,0.0,0.0,0.0,0.0,0.0,-0.39269908169872414
33.102,0.0,0.0,0.0,0.0,0.0,-0.39269908169872414
33.121,0.0,0.0,0.0,0.0,0.0,-0.39269908169872414
33.141,0.0,0.0,0.0,0.0,0.0,-0.39269908169872414
33.161,0.009999999776482582,0.0,0.0,0.0,0.0,0.0
33.183,0.019999999552965164,0.0,0.0,0.0,0.0,0.0
33.202,0.029999999329447746,0.0,0.0,0.0,0.0,0.0
33.221,0.03999999910593033,0.0,0.0,0.0,0.0,0.0
33.241,0.04999999701976776,0.0,0.0,0.0,0.0,0.0
33.262,0.059999994933605194,0.0,0.0,0.0,0.0,0.0
33.282,0.06999999284744263,0.0,0.0,0.0,0.0,0.0
33.302,0.07999999076128006,0.0,0.0,0.0,0.0,0.0
33.322,0.08999998867511749,0.0,0.0,0.0,0.0,0.0
33.341,0.09999998658895493,0.0,0.0,0.0,0.0,0.0
33.362,0.10999998450279236,0.0,0.0,0.0,0.0,0.0
33.381,0.11999998241662979,0.0,0.0,0.0,0.0,0.0
33.401,0.12999998033046722,0.0,0.0,0.0,0.0,0.0
33.424,0.13999998569488525,0.0,0.0,0.0,0.0,0.0
33.441,0.14999999105930328,0.0,0.0,0.0,0.0,0.0
33.461,0.1599999964237213,0.0,0.0,0.0,0.0,0.0
33.481,0.17000000178813934,0.0,0.0,0.0,0.0,0.0
33.501,0.18000000715255737,0.0,0.0,0.0,0.0,0.0
33.521,0.1900000125169754,0.0,0.0,0.0,0.0,0.0
33.541,0.20000001788139343,0.0,0.0,0.0,0.0,0.0
33.561,0.21000002324581146,0.0,0.0,0.0,0.0,0.0
33.581,0.2200000286102295,0.0,0.0,0.0,0.0,0.0
33.602,0.23000003397464752,0.0,0.0,0.0,0.0,0.0
33.622,0.24000003933906555,0.0,0.0,0.0,0.0,0.0
33.641,0.2500000298023224,0.0,0.0,0.0,0.0,0.0
33.661,0.2600000202655792,0.0,0.0,0.0,0.0,0.0
33.681,0.27000001072883606,0.0,0.0,0.0,0.0,0.0
33.703,0.2800000011920929,0.0,0.0,0.0,0.0,0.0
33.721000000000004,0.28999999165534973,0.0,0.0,0.0,0.0,0.0
33.742,0.29999998211860657,0.0,0.0,0.0,0.0,0.0
33.761,0.3099999725818634,0.0,0.0,0.0,0.0,0.0
33.781,0.31999996304512024,0.0,0.0,0.0,0.0,0.0
33.801,0.3299999535083771,0.0,0.0,0.0,0.0,0.0
33.821,0.3399999439716339,0.0,0.0,0.0,0.0,0.0
33.841,0.34999993443489075,0.0,0.0,0.0,0.0,0.0
33.862,0.3599999248981476,0.0,0.0,0.0,0.0,0.0
33.881,0.3699999153614044,0.0,0.0,0.0,0.0,0.0
33.901,0.37999990582466125,0.0,0.0,0.0,0.0,0.0
33.921,0.3899998962879181,0.0,0.0,0.0,0.0,0.0
33.944,0.3999998867511749,0.0,0.0,0.0,0.0,0.0
33.961,0.40999987721443176,0.0,0.0,0.0,0.0,0.0
33.981,0.4199998676776886,0.0,0.0,0.0,0.0,0.0
34.001,0.42999985814094543,0.0,0.0,0.0,0.0,0.0
34.022,0.43999984860420227,0.0,0.0,0.0,0.0,0.0
34.041,0.4499998390674591,0.0,0.0,0.0,0.0,0.0
34.061,0.45999982953071594,0.0,0.0,0.0,0.0,0.0
34.081,0.4699998199939728,0.0,0.0,0.0,0.0,0.0
34.101,0.4799998104572296,0.0,0.0,0.0,0.0,0.0
34.121,0.48999980092048645,0.0,0.0,0.0,0.0,0.0
34.141,0.4999997913837433,0.0,0.0,0.0,0.0,0.0
34.161,0.5099998116493225,0.0,0.0,0.0,0.0,0.0
34.181,0.5199998021125793,0.0,0.0,0.0,0.0,0.0
34.201,0.5299997925758362,0.0,0.0,0.0,0.0,0.0
34.221,0.539999783039093,0.0,0.0,0.0,0.0,0.0
34.241,0.5499997735023499,0.0,0.0,0.0,0.0,0.0
34.261,0.5599997639656067,0.0,0.0,0.0,0.0,0.0
34.281,0.5699997544288635,0.0,0.0,0.0,0.0,0.0
34.301,0.5799997448921204,0.0,0.0,0.0,0.0,0.0
34.321,0.5899997353553772,0.0,0.0,0.0,0.0,0.0
34.341,0.599999725818634,0.0,0.0,0.0,0.0,0.0
34.361,0.6099997162818909,0.0,0.0,0.0,0.0,0.0
34.382,0.6199997067451477,0.0,0.0,0.0,0.0,0.0
34.4,0.6299996972084045,0.0,0.0,0.0,0.0,0.0
34.422,0.6399996876716614,0.0,0.0,0.0,0.0,0.0
34.444,0.6499996781349182,0.0,0.0,0.0,0.0,0.0
34.461,0.659999668598175,0.0,0.0,0.0,0.0,0.0
34.482,0.6699996590614319,0.0,0.0,0.0,0.0,0.0
34.501,0.6799996495246887,0.0,0.0,0.0,0.0,0.0
34.521,0.6899996399879456,0.0,0.0,0.0,0.0,0.0
34.541,0.6999996304512024,0.0,0.0,0.0,0.0,0.0
34.562,0.7099996209144592,0.0,0.0,0.0,0.0,0.0
34.581,0.7199996113777161,0.0,0.0,0.0,0.0,0.0
34.603,0.7299996018409729,0.0,0.0,0.0,0.0,0.0
34.621,0.7399995923042297,0.0,0.0,0.0,0.0,0.0
34.641,0.7499995827674866,0.0,0.0,0.0,0.0,0.0
34.661,0.7599995732307434,0.0,0.0,0.0,0.0,0.0
34.681,0.7699995636940002,0.0,0.0,0.0,0.0,0.0
34.701,0.7799995541572571,0.0,0.0,0.0,0.0,0.0
34.721000000000004,0.7899995446205139,0.0,0.0,0.0,0.0,0.0
34.743,0.7999995350837708,0.0,0.0,0.0,0.0,0.0
34.761,0.8099995255470276,0.0,0.0,0.0,0.0,0.0
34.781,0.8199995160102844,0.0,0.0,0.0,0.0,0.0
34.801,0.8299995064735413,0.0,0.0,0.0,0.0,0.0
34.821,0.8399994969367981,0.0,0.0,0.0,0.0,0.0
34.841,0.8499994874000549,0.0,0.0,0.0,0.0,0.0
34.861,0.8599994778633118,0.0,0.0,0.0,0.0,0.0
34.883,0.8699994683265686,0.0,0.0,0.0,0.0,0.0
34.901,0.8799994587898254,0.0,0.0,0.0,0.0,0.0
34.921,0.8899994492530823,0.0,0.0,0.0,0.0,0.0
34.941,0.8999994397163391,0.0,0.0,0.0,0.0,0.0
34.964,0.909999430179596,0.0,0.0,0.0,0.0,0.0
34.984,0.9199994206428528,0.0,0.0,0.0,0.0,0.0
35.001,0.9299994111061096,0.0,0.0,0.0,0.0,0.0
35.021,0.9399994015693665,0.0,0.0,0.0,0.0,0.0
35.041,0.9499993920326233,0.0,0.0,0.0,0.0,0.0
35.061,0.9599993824958801,0.0,0.0,0.0,0.0,0.0
35.083,0.969999372959137,0.0,0.0,0.0,0.0,0.0
35.101,0.9799993634223938,0.0,0.0,0.0,0.0,0.0
35.121,0.9899993538856506,0.0,0.0,0.0,0.0,0.0
35.141,0.9999993443489075,0.0,0.0,0.0,0.0,0.0
35.161,1.0,0.0,0.0,0.0,0.0,0.0
35.182,1.0,0.0,0.0,0.0,0.0,0.0
35.201,1.0,0.0,0.0,0.0,0.0,0.0
35.221,1.0,0.0,0.0,0.0,0.0,0.0
35.242,1.0,0.0,0.0,0.0,0.0,0.0
35.261,1.0,0.0,0.0,0.0,0.0,0.0
35.281,1.0,0.0,0.0,0.0,0.0,0.0
35.303,1.0,0.0,0.0,0.0,0.0,0.0
35.323,1.0,0.0,0.0,0.0,0.0,0.0
35.341,1.0,0.0,0.0,0.0,0.0,0.0
35.361,1.0,0.0,0.0,0.0,0.0,0.0
35.381,1.0,0.0,0.0,0.0,0.0,0.0
35.4,1.0,0.0,0.0,0.0,0.0,0.0
35.421,1.0,0.0,0.0,0.0,0.0,0.0
35.441,1.0,0.0,0.0,0.0,0.0,0.0
35.461,1.0,0.0,0.0,0.0,0.0,0.0
35.481,1.0,0.0,0.0,0.0,0.0,0.0
35.503,1.0,0.0,0.0,0.0,0.0,0.0
35.521,1.0,0.0,0.0,0.0,0.0,0.0
35.542,1.0,0.0,0.0,0.0,0.0,0.0
35.561,1.0,0.0,0.0,0.0,0.0,0.0
35.581,1.0,0.0,0.0,0.0,0.0,0.0
35.603,1.0,0.0,0.0,0.0,0.0,0.0
35.621,1.0,0.0,0.0,0.0,0.0,0.0
35.642,1.0,0.0,0.0,0.0,0.0,0.0
35.661,1.0,0.0,0.0,0.0,0.0,0.0
35.681,1.0,0.0,0.0,0.0,0.0,0.0
35.701,1.0,0.0,0.0,0.0,0.0,0.0
35.722,1.0,0.0,0.0,0.0,0.0,0.0
35.742,1.0,0.0,0.0,0.0,0.0,0.0
35.761,1.0,0.0,0.0,0.0,0.0,0.0
35.781,1.0,0.0,0.0,0.0,0.0,0.0
35.801,1.0,0.0,0.0,0.0,0.0,0.0
35.822,1.0,0.0,0.0,0.0,0.0,0.0
35.843,1.0,0.0,0.0,0.0,0.0,0.0
35.861,1.0,0.0,0.0,0.0,0.0,0.0
35.881,1.0,0.0,0.0,0.0,0.0,0.0
35.9,1.0,0.0,0.0,0.0,0.0,0.0
35.922,1.0,0.0,0.0,0.0,0.0,0.0
35.942,1.0,0.0,0.0,0.0,0.0,0.0
35.961,1.0,0.0,0.0,0.0,0.0,0.0
35.981,1.0,0.0,0.0,0.0,0.0,0.0
36.001,1.0,0.0,0.0,0.0,0.0,0.0
36.025,1.0,0.0,0.0,0.0,0.0,0.0
36.041,1.0,0.0,0.0,0.0,0.0,0.0
36.062,1.0,0.0,0.0,0.0,0.0,0.0
36.081,1.0,0.0,0.0,0.0,0.0,0.0
36.101,1.0,0.0,0.0,0.0,0.0,0.0
36.121,1.0,0.0,0.0,0.0,0.0,0.0
36.141,1.0,0.0,0.0,0.0,0.0,0.0
36.162,1.0,0.0,0.0,0.0,0.0,0.0
36.181,1.0,0.0,0.0,0.0,0.0,0.0
36.201,1.0,0.0,0.0,0.0,0.0,0.0
36.222,1.0,0.0,0.0,0.0,0.0,0.0
36.242,1.0,0.0,0.0,0.0,0.0,0.0
36.265,1.0,0.0,0.0,0.0,0.0,0.0
36.284,1.0,0.0,0.0,0.0,0.0,0.0
36.301,1.0,0.0,0.0,0.0,0.0,0.0
36.321,1.0,0.0,0.0,0.0,0.0,0.0
36.343,1.0,0.0,0.0,0.0,0.0,0.0
36.361,1.0,0.0,0.0,0.0,0.0,0.0
36.381,1.0,0.0,0.0,0.0,0.0,0.0
36.401,1.0,0.0,0.0,0.0,0.0,0.0
36.422,1.0,0.0,0.0,0.0,0.0,0.0
36.441,1.0,0.0,0.0,0.0,0.0,0.0
36.462,1.0,0.0,0.0,0.0,0.0,0.0
36.481,1.0,0.0,0.0,0.0,0.0,0.0
36.501,1.0,0.0,0.0,0.0,0.0,0.0
36.521,1.0,0.0,0.0,0.0,0.0,0.0
36.542,1.0,0.0,0.0,0.0,0.0,0.0
36.563,1.0,0.0,0.0,0.0,0.0,0.0
36.581,1.0,0.0,0.0,0.0,0.0,0.0
36.601,1.0,0.0,0.0,0.0,0.0,0.0
36.622,1.0,0.0,0.0,0.0,0.0,0.0
36.641,1.0,0.0,0.0,0.0,0.0,0.0
36.662,1.0,0.0,0.0,0.0,0.0,0.0
36.682,1.0,0.0,0.0,0.0,0.0,0.0
36.701,1.0,0.0,0.0,0.0,0.0,0.0
36.721000000000004,1.0,0.0,0.0,0.0,0.0,0.0
36.741,1.0,0.0,0.0,0.0,0.0,0.0
36.762,1.0,0.0,0.0,0.0,0.0,0.0
36.782,1.0,0.0,0.0,0.0,0.0,0.0
36.801,1.0,0.0,0.0,0.0,0.0,0.0
36.823,1.0,0.0,0.0,0.0,0.0,0.0
36.843,1.0,0.0,0.0,0.0,0.0,0.0
36.861,1.0,0.0,0.0,0.0,0.0,0.0
36.881,1.0,0.0,0.0,0.0,0.0,0.0
36.901,1.0,0.0,0.0,0.0,0.0,0.0
36.921,1.0,0.0,0.0,0.0,0.0,0.0
36.941,1.0,0.0,0.0,0.0,0.0,0.0
36.961,1.0,0.0,0.0,0.0,0.0,0.0
36.981,1.0,0.0,0.0,0.0,0.0,0.0
37.001,1.0,0.0,0.0,0.0,0.0,0.0
37.022,1.0,0.0,0.0,0.0,0.0,0.0
37.042,1.0,0.0,0.0,0.0,0.0,0.0
37.061,1.0,0.0,0.0,0.0,0.0,0.0
37.081,1.0,0.0,0.0,0.0,0.0,0.0
37.101,1.0,0.0,0.0,0.0,0.0,0.0
37.121,1.0,0.0,0.0,0.0,0.0,0.0
37.141,1.0,0.0,0.0,0.0,0.0,0.0
37.161,1.0,0.0,0.0,0.0,0.0,0.0
37.181,1.0,0.0,0.0,0.0,0.0,0.0
37.202,1.0,0.0,0.0,0.0,0.0,0.0
37.221,1.0,0.0,0.0,0.0,0.0,0.0
37.24,1.0,0.0,0.0,0.0,0.0,0.0
37.261,1.0,0.0,0.0,0.0,0.0,0.0
37.281,1.0,0.0,0.0,0.0,0.0,0.0
37.301,1.0,0.0,0.0,0.0,0.0,0.0
37.322,1.0,0.0,0.0,0.0,0.0,0.0
37.341,1.0,0.0,0.0,0.0,0.0,0.0
37.361,1.0,0.0,0.0,0.0,0.0,0.0
37.381,1.0,0.0,0.0,0.0,0.0,0.0
37.401,1.0,0.0,0.0,0.0,0.0,0.0
37.421,1.0,0.0,0.0,0.0,0.0,0.0
37.441,1.0,0.0,0.0,0.0,0.0,0.0
37.461,1.0,0.0,0.0,0.0,0.0,0.0
37.481,1.0,0.0,0.0,0.0,0.0,0.0
37.503,1.0,0.0,0.0,0.0,0.0,0.0
37.522,1.0,0.0,0.0,0.0,0.0,0.0
37.541,1.0,0.0,0.0,0.0,0.0,0.0
37.563,1.0,0.0,0.0,0.0,0.0,0.0
37.58,1.0,0.0,0.0,0.0,0.0,0.0
37.601,1.0,0.0,0.0,0.0,0.0,0.0
37.621,1.0,0.0,0.0,0.0,0.0,0.0
37.641,1.0,0.0,0.0,0.0,0.0,0.0
37.658,1.0,0.0,0.0,0.0,0.0,0.0
37.688,1.0,0.0,0.0,0.0,0.0,0.0
37.701,1.0,0.0,0.0,0.0,0.0,0.0
37.723,1.0,0.0,0.0,0.0,0.0,0.0
37.741,1.0,0.0,0.0,0.0,0.0,0.0
37.761,1.0,0.0,0.0,0.0,0.0,0.0
37.781,1.0,0.0,0.0,0.0,0.0,0.0
37.801,1.0,0.0,0.0,0.0,0.0,0.0
37.821,1.0,0.0,0.0,0.0,0.0,0.0
37.842,1.0,0.0,0.0,0.0,0.0,0.0
37.861,1.0,0.0,0.0,0.0,0.0,0.0
37.879,1.0,0.0,0.0,0.0,0.0,0.0
37.901,1.0,0.0,0.0,0.0,0.0,0.0
37.923,1.0,0.0,0.0,0.0,0.0,0.0
37.941,1.0,0.0,0.0,0.0,0.0,0.0
37.961,1.0,0.0,0.0,0.0,0.0,0.0
37.981,1.0,0.0,0.0,0.0,0.0,0.0
38.001,1.0,0.0,0.0,0.0,0.0,0.0
38.022,1.0,0.0,0.0,0.0,0.0,0.0
38.041,1.0,0.0,0.0,0.0,0.0,0.0
38.061,1.0,0.0,0.0,0.0,0.0,0.0
38.081,1.0,0.0,0.0,0.0,0.0,0.0
38.101,1.0,0.0,0.0,0.0,0.0,0.0
38.121,1.0,0.0,0.0,0.0,0.0,0.0
38.143,1.0,0.0,0.0,0.0,0.0,0.0
38.161,1.0,0.0,0.0,0.0,0.0,0.0
38.181,0.9899893403053284,0.0,0.0,0.0,0.0,0.0
38.201,0.9799793362617493,0.0,0.0,0.0,0.0,0.0
38.222,0.9699693322181702,0.0,0.0,0.0,0.0,0.0
38.241,0.9599593281745911,0.0,0.0,0.0,0.0,0.0
38.261,0.949949324131012,0.0,0.0,0.0,0.0,0.0
38.281,0.9399393200874329,0.0,0.0,0.0,0.0,0.0
38.301,0.9299293160438538,0.0,0.0,0.0,0.0,0.0
38.321,0.9199193120002747,0.0,0.0,0.0,0.0,0.0
38.341,0.9099093079566956,0.0,0.0,0.0,0.0,0.0
38.361,0.8998993039131165,0.0,0.0,0.0,0.0,0.0
38.381,0.8898892998695374,0.0,0.0,0.0,0.0,0.0
38.401,0.8798792958259583,0.0,0.0,0.0,0.0,0.0
38.421,0.8698692917823792,0.0,0.0,0.0,0.0,0.0
38.441,0.8598592877388,0.0,0.0,0.0,0.0,0.0
38.461,0.849849283695221,0.0,0.0,0.0,0.0,0.0
38.481,0.8398392796516418,0.0,0.0,0.0,0.0,0.0
38.5,0.8298292756080627,0.0,0.0,0.0,0.0,0.0
38.521,0.8198192715644836,0.0,0.0,0.0,0.0,0.0
38.541,0.8098092675209045,0.0,0.0,0.0,0.0,0.0
38.561,0.7997992634773254,0.0,0.0,0.0,0.0,0.0
38.581,0.7897892594337463,0.0,0.0,0.0,0.0,0.0
38.601,0.7797792553901672,0.0,0.0,0.0,0.0,0.0
38.622,0.7697692513465881,0.0,0.0,0.0,0.0,0.0
38.641,0.759759247303009,0.0,0.0,0.0,0.0,0.0
38.662,0.7497492432594299,0.0,0.0,0.0,0.0,0.0
38.681,0.7397392392158508,0.0,0.0,0.0,0.0,0.0
38.701,0.7297292351722717,0.0,0.0,0.0,0.0,0.0
38.721000000000004,0.7197192311286926,0.0,0.0,0.0,0.0,0.0
38.741,0.7097092270851135,0.0,0.0,0.0,0.0,0.0
38.761,0.6996992230415344,0.0,0.0,0.0,0.0,0.0
38.782,0.6896892189979553,0.0,0.0,0.0,0.0,0.0
38.801,0.6796792149543762,0.0,0.0,0.0,0.0,0.0
38.821,0.6696692109107971,0.0,0.0,0.0,0.0,0.0
38.842,0.659659206867218,0.0,0.0,0.0,0.0,0.0
38.861,0.6496492028236389,0.0,0.0,0.0,0.0,0.0
38.882,0.6396391987800598,0.0,0.0,0.0,0.0,0.0
38.897,0.6296291947364807,0.0,0.0,0.0,0.0,0.0
38.921,0.6196191906929016,0.0,0.0,0.0,0.0,0.0
38.941,0.6096091866493225,0.0,0.0,0.0,0.0,0.0
38.961,0.5995991826057434,0.0,0.0,0.0,0.0,0.0
38.981,0.5895891785621643,0.0,0.0,0.0,0.0,0.0
39.001,0.5795791745185852,0.0,0.0,0.0,0.0,0.0
39.021,0.5695691704750061,0.0,0.0,0.0,0.0,0.0
39.041,0.559559166431427,0.0,0.0,0.0,0.0,0.0
39.061,0.5495491623878479,0.0,0.0,0.0,0.0,0.0
39.081,0.5395391583442688,0.0,0.0,0.0,0.0,0.0
39.101,0.5295291543006897,0.0,0.0,0.0,0.0,0.0
39.121,0.5195191502571106,0.0,0.0,0.0,0.0,0.0
39.141,0.5095091462135315,0.0,0.0,0.0,0.0,0.0
39.162,0.4994991421699524,0.0,0.0,0.0,0.0,0.0
39.181,0.4894891381263733,0.0,0.0,0.0,0.0,0.0
39.201,0.4794791340827942,0.0,0.0,0.0,0.0,0.0
39.221,0.4694691300392151,0.0,0.0,0.0,0.0,0.0
39.241,0.459459125995636,0.0,0.0,0.0,0.0,0.0
39.261,0.4494491219520569,0.0,0.0,0.0,0.0,0.0
39.282,0.4394391179084778,0.0,0.0,0.0,0.0,0.0
39.301,0.4294291138648987,0.0,0.0,0.0,0.0,0.0
39.322,0.4194191098213196,0.0,0.0,0.0,0.0,0.0
39.341,0.4094091057777405,0.0,0.0,0.0,0.0,0.0
39.361,0.3993991017341614,0.0,0.0,0.0,0.0,0.0
39.381,0.3893890976905823,0.0,0.0,0.0,0.0,0.0
39.401,0.3793790936470032,0.0,0.0,0.0,0.0,0.0
39.421,0.3693690896034241,0.0,0.0,0.0,0.0,0.0
39.445,0.35935908555984497,0.0,0.0,0.0,0.0,0.0
39.461,0.34934908151626587,0.0,0.0,0.0,0.0,0.0
39.481,0.33933907747268677,0.0,0.0,0.0,0.0,0.0
39.502,0.32932907342910767,0.0,0.0,0.0,0.0,0.0
39.521,0.31931906938552856,0.0,0.0,0.0,0.0,0.0
39.541,0.30930906534194946,0.0,0.0,0.0,0.0,0.0
39.56,0.29929906129837036,0.0,0.0,0.0,0.0,0.0
39.581,0.28928905725479126,0.0,0.0,0.0,0.0,0.0
39.601,0.27927905321121216,0.0,0.0,0.0,0.0,0.0
39.621,0.26926904916763306,0.0,0.0,0.0,0.0,0.0
39.642,0.25925904512405396,0.0,0.0,0.0,0.0,0.0
39.663,0.24924904108047485,0.0,0.0,0.0,0.0,0.0
39.681,0.23923903703689575,0.0,0.0,0.0,0.0,0.0
39.702,0.22922903299331665,0.0,0.0,0.0,0.0,0.0
39.721000000000004,0.21921902894973755,0.0,0.0,0.0,0.0,0.0
39.741,0.20920902490615845,0.0,0.0,0.0,0.0,0.0
39.762,0.19919902086257935,0.0,0.0,0.0,0.0,0.0
39.781,0.18918901681900024,0.0,0.0,0.0,0.0,0.0
39.801,0.17917901277542114,0.0,0.0,0.0,0.0,0.0
39.821,0.16916900873184204,0.0,0.0,0.0,0.0,0.0
39.841,0.15915900468826294,0.0,0.0,0.0,0.0,0.0
39.861,0.14914900064468384,0.0,0.0,0.0,0.0,0.0
39.881,0.13913899660110474,0.0,0.0,0.0,0.0,0.0
39.901,0.12912899255752563,0.0,0.0,0.0,0.0,0.0
39.921,0.11911899596452713,0.0,0.0,0.0,0.0,0.0
39.945,0.10910899937152863,0.0,0.0,0.0,0.0,0.0
39.961,0.09909900277853012,0.0,0.0,0.0,0.0,0.0
39.981,0.08908900618553162,0.0,0.0,0.0,0.0,0.0
40.003,0.07907900959253311,0.0,0.0,0.0,0.0,0.0
40.021,0.0690690129995346,0.0,0.0,0.0,0.0,0.0
40.041,0.059059012681245804,0.0,0.0,0.0,0.0,0.0
40.061,0.049049012362957,0.0,0.0,0.0,0.0,0.0
40.082,0.0390390120446682,0.0,0.0,0.0,0.0,0.0
40.102,0.029029011726379395,0.0,0.0,0.0,0.0,0.0
40.121,0.01901901140809059,0.0,0.0,0.0,0.0,0.0
40.141,0.009009012021124363,0.0,0.0,0.0,0.0,0.0
40.167,0.0,0.0,0.0,0.0,0.0,-0.39269908169872414
40.181,0.0,0.0,0.0,0.0,0.0,-0.39269908169872414
40.201,0.0,0.0,0.0,0.0,0.0,-0.39269908169872414
40.221,0.0,0.0,0.0,0.0,0.0,-0.39269908169872414
40.241,0.0,0.0,0.0,0.0,0.0,-0.39269908169872414
40.261,0.0,0.0,0.0,0.0,0.0,-0.39269908169872414
40.282,0.0,0.0,0.0,0.0,0.0,-0.39269908169872414
40.301,0.0,0.0,0.0,0.0,0.0,-0.39269908169872414
40.321,0.0,0.0,0.0,0.0,0.0,-0.39269908169872414
40.341,0.0,0.0,0.0,0.0,0.0,-0.39269908169872414
40.361,0.0,0.0,0.0,0.0,0.0,-0.39269908169872414
40.381,0.0,0.0,0.0,0.0,0.0,-0.39269908169872414
40.401,0.0,0.0,0.0,0.0,0.0,-0.39269908169872414
40.421,0.0,0.0,0.0,0.0,0.0,-0.39269908169872414
40.441,0.0,0.0,0.0,0.0,0.0,-0.39269908169872414
40.462,0.0,0.0,0.0,0.0,0.0,-0.39269908169872414
40.481,0.0,0.0,0.0,0.0,0.0,-0.39269908169872414
40.502,0.0,0.0,0.0,0.0,0.0,-0.39269908169872414
40.521,0.0,0.0,0.0,0.0,0.0,-0.39269908169872414
40.541,0.0,0.0,0.0,0.0,0.0,-0.39269908169872414
40.561,0.0,0.0,0.0,0.0,0.0,-0.39269908169872414
40.583,0.0,0.0,0.0,0.0,0.0,-0.39269908169872414
40.601,0.0,0.0,0.0,0.0,0.0,-0.39269908169872414
40.621,0.0,0.0,0.0,0.0,0.0,-0.39269908169872414
40.642,0.0,0.0,0.0,0.0,0.0,-0.39269908169872414
40.662,0.0,0.0,0.0,0.0,0.0,-0.39269908169872414
40.682,0.0,0.0,0.0,0.0,0.0,-0.39269908169872414
40.701,0.0,0.0,0.0,0.0,0.0,-0.39269908169872414
40.721000000000004,0.0,0.0,0.0,0.0,0.0,-0.39269908169872414
40.741,0.0,0.0,0.0,0.0,0.0,-0.39269908169872414
40.761,0.0,0.0,0.0,0.0,0.0,-0.39269908169872414
40.78,0.0,0.0,0.0,0.0,0.0,-0.39269908169872414
40.803,0.0,0.0,0.0,0.0,0.0,-0.39269908169872414
40.821,0.0,0.0,0.0,0.0,0.0,-0.39269908169872414
40.841,0.0,0.0,0.0,0.0,0.0,-0.39269908169872414
40.859,0.0,0.0,0.0,0.0,0.0,-0.39269908169872414
40.881,0.0,0.0,0.0,0.0,0.0,-0.39269908169872414
40.901,0.0,0.0,0.0,0.0,0.0,-0.39269908169872414
40.921,0.0,0.0,0.0,0.0,0.0,-0.39269908169872414
40.941,0.0,0.0,0.0,0.0,0.0,-0.39269908169872414
40.962,0.0,0.0,0.0,0.0,0.0,-0.39269908169872414
40.982,0.0,0.0,0.0,0.0,0.0,-0.39269908169872414
41.001,0.0,0.0,0.0,0.0,0.0,-0.39269908169872414
41.021,0.0,0.0,0.0,0.0,0.0,-0.39269908169872414
41.041,0.0,0.0,0.0,0.0,0.0,-0.39269908169872414
41.06,0.0,0.0,0.0,0.0,0.0,-0.39269908169872414
41.081,0.0,0.0,0.0,0.0,0.0,-0.39269908169872414
41.102,0.0,0.0,0.0,0.0,0.0,-0.39269908169872414
41.124,0.0,0.0,0.0,0.0,0.0,-0.39269908169872414
41.143,0.0,0.0,0.0,0.0,0.0,-0.39269908169872414
41.161,0.0,0.0,0.0,0.0,0.0,-0.39269908169872414
41.181,0.0,0.0,0.0,0.0,0.0,-0.39269908169872414
41.2,0.0,0.0,0.0,0.0,0.0,-0.39269908169872414
41.221,0.0,0.0,0.0,0.0,0.0,-0.39269908169872414
41.241,0.0,0.0,0.0,0.0,0.0,-0.39269908169872414
41.266,0.0,0.0,0.0,0.0,0.0,-0.39269908169872414
41.282,0.0,0.0,0.0,0.0,0.0,-0.39269908169872414
41.299,0.0,0.0,0.0,0.0,0.0,-0.39269908169872414
41.321,0.0,0.0,0.0,0.0,0.0,-0.39269908169872414
41.341,0.0,0.0,0.0,0.0,0.0,-0.39269908169872414
41.361,0.0,0.0,0.0,0.0,0.0,-0.39269908169872414
41.385,0.0,0.0,0.0,0.0,0.0,-0.39269908169872414
41.401,0.0,0.0,0.0,0.0,0.0,-0.39269908169872414
41.421,0.0,0.0,0.0,0.0,0.0,-0.39269908169872414
41.441,0.0,0.0,0.0,0.0,0.0,-0.39269908169872414
41.46,0.0,0.0,0.0,0.0,0.0,-0.39269908169872414
41.481,0.0,0.0,0.0,0.0,0.0,-0.39269908169872414
41.501,0.0,0.0,0.0,0.0,0.0,-0.39269908169872414
41.522,0.0,0.0,0.0,0.0,0.0,-0.39269908169872414
41.541,0.0,0.0,0.0,0.0,0.0,-0.39269908169872414
41.561,0.0,0.0,0.0,0.0,0.0,-0.39269908169872414
41.58,0.0,0.0,0.0,0.0,0.0,-0.39269908169872414
41.601,0.0,0.0,0.0,0.0,0.0,-0.39269908169872414
41.622,0.0,0.0,0.0,0.0,0.0,-0.39269908169872414
41.641,0.0,0.0,0.0,0.0,0.0,-0.39269908169872414
41.661,0.0,0.0,0.0,0.0,0.0,-0.39269908169872414
41.681,0.0,0.0,0.0,0.0,0.0,-0.39269908169872414
41.701,0.0,0.0,0.0,0.0,0.0,-0.39269908169872414
41.721000000000004,0.0,0.0,0.0,0.0,0.0,-0.39269908169872414
41.741,0.0,0.0,0.0,0.0,0.0,-0.39269908169872414
41.761,0.0,0.0,0.0,0.0,0.0,-0.39269908169872414
41.781,0.0,0.0,0.0,0.0,0.0,-0.39269908169872414
41.801,0.0,0.0,0.0,0.0,0.0,-0.39269908169872414
41.822,0.0,0.0,0.0,0.0,0.0,-0.39269908169872414
41.84,0.0,0.0,0.0,0.0,0.0,-0.39269908169872414
41.861,0.0,0.0,0.0,0.0,0.0,-0.39269908169872414
41.881,0.0,0.0,0.0,0.0,0.0,-0.39269908169872414
41.901,0.0,0.0,0.0,0.0,0.0,-0.39269908169872414
41.916,0.0,0.0,0.0,0.0,0.0,-0.39269908169872414
41.942,0.0,0.0,0.0,0.0,0.0,-0.39269908169872414
41.966,0.0,0.0,0.0,0.0,0.0,-0.39269908169872414
41.981,0.0,0.0,0.0,0.0,0.0,-0.39269908169872414
42.001,0.0,0.0,0.0,0.0,0.0,-0.39269908169872414
42.021,0.0,0.0,0.0,0.0,0.0,-0.39269908169872414
42.041,0.0,0.0,0.0,0.0,0.0,-0.39269908169872414
42.062,0.0,0.0,0.0,0.0,0.0,-0.39269908169872414
42.081,0.0,0.0,0.0,0.0,0.0,-0.39269908169872414
42.102,0.0,0.0,0.0,0.0,0.0,-0.39269908169872414
42.121,0.0,0.0,0.0,0.0,0.0,-0.39269908169872414
42.143,0.0,0.0,0.0,0.0,0.0,-0.39269908169872414
42.161,0.0,0.0,0.0,0.0,0.0,-0.39269908169872414
42.182,0.0,0.0,0.0,0.0,0.0,-0.39269908169872414
42.201,0.0,0.0,0.0,0.0,0.0,-0.39269908169872414
42.221,0.0,0.0,0.0,0.0,0.0,-0.39269908169872414
42.241,0.0,0.0,0.0,0.0,0.0,-0.39269908169872414
42.261,0.0,0.0,0.0,0.0,0.0,-0.39269908169872414
42.282,0.0,0.0,0.0,0.0,0.0,-0.39269908169872414
42.3,0.0,0.0,0.0,0.0,0.0,-0.39269908169872414
42.321,0.0,0.0,0.0,0.0,0.0,-0.39269908169872414
42.341,0.0,0.0,0.0,0.0,0.0,-0.39269908169872414
42.361,0.0,0.0,0.0,0.0,0.0,-0.39269908169872414
42.381,0.0,0.0,0.0,0.0,0.0,-0.39269908169872414
42.401,0.0,0.0,0.0,0.0,0.0,-0.39269908169872414
42.421,0.0,0.0,0.0,0.0,0.0,-0.39269908169872414
42.441,0.0,0.0,0.0,0.0,0.0,-0.39269908169872414
42.463,0.0,0.0,0.0,0.0,0.0,-0.39269908169872414
42.481,0.0,0.0,0.0,0.0,0.0,-0.39269908169872414
42.501,0.0,0.0,0.0,0.0,0.0,-0.39269908169872414
42.521,0.0,0.0,0.0,0.0,0.0,-0.39269908169872414
42.541,0.0,0.0,0.0,0.0,0.0,-0.39269908169872414
42.561,0.0,0.0,0.0,0.0,0.0,-0.39269908169872414
42.581,0.0,0.0,0.0,0.0,0.0,-0.39269908169872414
42.601,0.0,0.0,0.0,0.0,0.0,-0.39269908169872414
42.621,0.0,0.0,0.0,0.0,0.0,-0.39269908169872414
42.641,0.0,0.0,0.0,0.0,0.0,-0.39269908169872414
42.661,0.0,0.0,0.0,0.0,0.0,-0.39269908169872414
42.681,0.0,0.0,0.0,0.0,0.0,-0.39269908169872414
42.701,0.0,0.0,0.0,0.0,0.0,-0.39269908169872414
42.72,0.0,0.0,0.0,0.0,0.0,-0.39269908169872414
42.741,0.0,0.0,0.0,0.0,0.0,-0.39269908169872414
42.761,0.0,0.0,0.0,0.0,0.0,-0.39269908169872414
42.784,0.0,0.0,0.0,0.0,0.0,-0.39269908169872414
42.801,0.0,0.0,0.0,0.0,0.0,-0.39269908169872414
42.821,0.0,0.0,0.0,0.0,0.0,-0.39269908169872414
42.841,0.0,0.0,0.0,0.0,0.0,-0.39269908169872414
42.861,0.0,0.0,0.0,0.0,0.0,-0.39269908169872414
42.883,0.0,0.0,0.0,0.0,0.0,-0.39269908169872414
42.901,0.0,0.0,0.0,0.0,0.0,-0.39269908169872414
42.921,0.0,0.0,0.0,0.0,0.0,-0.39269908169872414
42.942,0.0,0.0,0.0,0.0,0.0,-0.39269908169872414
42.961,0.0,0.0,0.0,0.0,0.0,-0.39269908169872414
42.991,0.0,0.0,0.0,0.0,0.0,-0.39269908169872414
43.001,0.0,0.0,0.0,0.0,0.0,-0.39269908169872414
43.022,0.0,0.0,0.0,0.0,0.0,-0.39269908169872414
43.041,0.0,0.0,0.0,0.0,0.0,-0.39269908169872414
43.061,0.0,0.0,0.0,0.0,0.0,-0.39269908169872414
43.082,0.0,0.0,0.0,0.0,0.0,-0.39269908169872414
43.101,0.0,0.0,0.0,0.0,0.0,-0.39269908169872414
43.121,0.0,0.0,0.0,0.0,0.0,-0.39269908169872414
43.142,0.0,0.0,0.0,0.0,0.0,-0.39269908169872414
43.161,0.0,0.0,0.0,0.0,0.0,-0.39269908169872414
43.181,0.0,0.0,0.0,0.0,0.0,-0.39269908169872414
43.201,0.0,0.0,0.0,0.0,0.0,-0.39269908169872414
43.223,0.0,0.0,0.0,0.0,0.0,-0.39269908169872414
43.242,0.0,0.0,0.0,0.0,0.0,-0.39269908169872414
43.262,0.0,0.0,0.0,0.0,0.0,-0.39269908169872414
43.281,0.0,0.0,0.0,0.0,0.0,-0.39269908169872414
43.301,0.0,0.0,0.0,0.0,0.0,-0.39269908169872414
43.321,0.0,0.0,0.0,0.0,0.0,-0.39269908169872414
43.341,0.0,0.0,0.0,0.0,0.0,-0.39269908169872414
43.361,0.0,0.0,0.0,0.0,0.0,-0.39269908169872414
43.383,0.0,0.0,0.0,0.0,0.0,-0.39269908169872414
43.402,0.0,0.0,0.0,0.0,0.0,-0.39269908169872414
43.422,0.0,0.0,0.0,0.0,0.0,-0.39269908169872414
43.443,0.0,0.0,0.0,0.0,0.0,-0.39269908169872414
43.461,0.0,0.0,0.0,0.0,0.0,-0.39269908169872414
43.481,0.0,0.0,0.0,0.0,0.0,-0.39269908169872414
43.501,0.0,0.0,0.0,0.0,0.0,-0.39269908169872414
43.521,0.0,0.0,0.0,0.0,0.0,-0.39269908169872414
43.541,0.0,0.0,0.0,0.0,0.0,-0.39269908169872414
43.561,0.0,0.0,0.0,0.0,0.0,-0.39269908169872414
43.582,0.0,0.0,0.0,0.0,0.0,-0.39269908169872414
43.601,0.0,0.0,0.0,0.0,0.0,-0.39269908169872414
43.621,0.0,0.0,0.0,0.0,0.0,-0.39269908169872414
43.641,0.0,0.0,0.0,0.0,0.0,-0.39269908169872414
43.662,0.0,0.0,0.0,0.0,0.0,-0.39269908169872414
43.681,0.0,0.0,0.0,0.0,0.0,-0.39269908169872414
43.701,0.0,0.0,0.0,0.0,0.0,-0.39269908169872414
43.721000000000004,0.0,0.0,0.0,0.0,0.0,-0.39269908169872414
43.741,0.0,0.0,0.0,0.0,0.0,-0.39269908169872414
43.761,0.0,0.0,0.0,0.0,0.0,-0.39269908169872414
43.781,0.0,0.0,0.0,0.0,0.0,-0.39269908169872414
43.801,0.0,0.0,0.0,0.0,0.0,-0.39269908169872414
43.821,0.0,0.0,0.0,0.0,0.0,-0.39269908169872414
43.841,0.0,0.0,0.0,0.0,0.0,-0.39269908169872414
43.863,0.0,0.0,0.0,0.0,0.0,-0.39269908169872414
43.879,0.0,0.0,0.0,0.0,0.0,-0.39269908169872414
43.901,0.0,0.0,0.0,0.0,0.0,-0.39269908169872414
43.921,0.0,0.0,0.0,0.0,0.0,-0.39269908169872414
43.941,0.0,0.0,0.0,0.0,0.0,-0.39269908169872414
43.961,0.0,0.0,0.0,0.0,0.0,-0.39269908169872414
43.981,0.0,0.0,0.0,0.0,0.0,-0.39269908169872414
44.001,0.0,0.0,0.0,0.0,0.0,-0.39269908169872414
44.022,0.0,0.0,0.0,0.0,0.0,-0.39269908169872414
44.041,0.0,0.0,0.0,0.0,0.0,-0.39269908169872414
44.061,0.0,0.0,0.0,0.0,0.0,-0.39269908169872414
44.08,0.0,0.0,0.0,0.0,0.0,-0.39269908169872414
44.101,0.0,0.0,0.0,0.0,0.0,-0.39269908169872414
44.121,0.0,0.0,0.0,0.0,0.0,-0.39269908169872414
44.141,0.0,0.0,0.0,0.0,0.0,-0.39269908169872414
44.161,0.0,0.0,0.0,0.0,0.0,-0.39269908169872414
44.182,0.009999999776482582,0.0,0.0,0.0,0.0,0.0
44.202,0.019999999552965164,0.0,0.0,0.0,0.0,0.0
44.221,0.029999999329447746,0.0,0.0,0.0,0.0,0.0
44.241,0.03999999910593033,0.0,0.0,0.0,0.0,0.0
44.26,0.04999999701976776,0.0,0.0,0.0,0.0,0.0
44.282,0.059999994933605194,0.0,0.0,0.0,0.0,0.0
44.302,0.06999999284744263,0.0,0.0,0.0,0.0,0.0
44.322,0.07999999076128006,0.0,0.0,0.0,0.0,0.0
44.341,0.08999998867511749,0.0,0.0,0.0,0.0,0.0
44.361,0.09999998658895493,0.0,0.0,0.0,0.0,0.0
44.381,0.10999998450279236,0.0,0.0,0.0,0.0,0.0
44.403,0.11999998241662979,0.0,0.0,0.0,0.0,0.0
44.421,0.12999998033046722,0.0,0.0,0.0,0.0,0.0
44.441,0.13999998569488525,0.0,0.0,0.0,0.0,0.0
44.462,0.14999999105930328,0.0,0.0,0.0,0.0,0.0
44.481,0.1599999964237213,0.0,0.0,0.0,0.0,0.0
44.501,0.17000000178813934,0.0,0.0,0.0,0.0,0.0
44.521,0.18000000715255737,0.0,0.0,0.0,0.0,0.0
44.541,0.1900000125169754,0.0,0.0,0.0,0.0,0.0
44.562,0.20000001788139343,0.0,0.0,0.0,0.0,0.0
44.583,0.21000002324581146,0.0,0.0,0.0,0.0,0.0
44.602,0.2200000286102295,0.0,0.0,0.0,0.0,0.0
44.622,0.23000003397464752,0.0,0.0,0.0,0.0,0.0
44.642,0.24000003933906555,0.0,0.0,0.0,0.0,0.0
44.661,0.2500000298023224,0.0,0.0,0.0,0.0,0.0
44.681,0.2600000202655792,0.0,0.0,0.0,0.0,0.0
44.701,0.27000001072883606,0.0,0.0,0.0,0.0,0.0
44.721000000000004,0.2800000011920929,0.0,0.0,0.0,0.0,0.0
44.741,0.28999999165534973,0.0,0.0,0.0,0.0,0.0
44.762,0.29999998211860657,0.0,0.0,0.0,0.0,0.0
44.781,0.3099999725818634,0.0,0.0,0.0,0.0,0.0
44.802,0.31999996304512024,0.0,0.0,0.0,0.0,0.0
44.821,0.3299999535083771,0.0,0.0,0.0,0.0,0.0
44.841,0.3399999439716339,0.0,0.0,0.0,0.0,0.0
44.861,0.34999993443489075,0.0,0.0,0.0,0.0,0.0
44.881,0.3599999248981476,0.0,0.0,0.0,0.0,0.0
44.899,0.3699999153614044,0.0,0.0,0.0,0.0,0.0
44.921,0.37999990582466125,0.0,0.0,0.0,0.0,0.0
44.941,0.3899998962879181,0.0,0.0,0.0,0.0,0.0
